period,model,horizon,n,MAE,RMSE,pinball,crps_central_approx,coverage90,width90,interval_score90,relative_MAE
test,ar_1,1,17,5.877312063911612,6.924259227446214,,,,,,0.9949642012198505
test,ar_1,2,17,11.915993821391808,13.930008727978349,,,,,,1.0131634238454572
test,ar_1,3,17,9.522308670516702,11.329386109518806,,,,,,0.9448388921892484
test,ar_1,4,17,10.564302017020038,13.250265351095589,,,,,,0.9972963920998482
test,ar_1,5,17,15.180891112329425,18.222713306268595,,,,,,1.005474535043442
test,ar_1,6,17,12.936049166359256,15.334029914679277,,,,,,0.9453737246501047
test,ar_1,7,17,15.140783874833637,17.300784438343456,,,,,,0.9773069289295357
test,ar_1,8,17,18.858079109605487,22.200961052090978,,,,,,0.9713590621236619
test,ar_1,9,17,17.298627793463652,20.006053664435765,,,,,,0.9375053318314271
test,ar_1,10,17,19.410208526680712,22.387500147931174,,,,,,1.038567118700655
test,ar_1,11,17,22.321927200140586,26.250813632782606,,,,,,1.0722598542028539
test,ar_1,12,17,21.140054540618706,24.48143653241676,,,,,,1.0308672112630313
test,ar_1,13,17,23.336262341731935,26.44288219063968,,,,,,1.0949641461992294
test,ar_1,14,17,25.538758157997602,29.101062467950715,,,,,,1.1325391644344835
test,ar_1,15,17,24.69409302566908,27.78993398551568,,,,,,1.1192566225941138
test,ar_1,16,17,26.77408360764273,29.48234336077038,,,,,,1.1654915661535001
test,ar_1,17,17,28.315955243019776,32.576627842042136,,,,,,1.2088072902700422
test,ar_1,18,17,27.642504290538234,31.64538848767023,,,,,,1.198904411009159
test,ar_1,19,17,30.112346303913636,33.58057650116158,,,,,,1.215476035631427
test,ar_1,20,17,30.742304166338574,35.34180507084695,,,,,,1.2084518482848654
test,ar_1,21,17,29.480959790185867,33.77881733938776,,,,,,1.2170972762959829
test,ar_12,1,17,6.920106457782709,8.27890438313557,,,,,,1.1714978070335196
test,ar_12,2,17,13.326743604291815,15.362375619608798,,,,,,1.1331131403068964
test,ar_12,3,17,11.05813298886835,12.789450173778496,,,,,,1.0972290947922836
test,ar_12,4,17,11.395203740690887,14.276574880543611,,,,,,1.0757355819177314
test,ar_12,5,17,15.758634548327464,18.49822445471926,,,,,,1.0437401617702378
test,ar_12,6,17,13.18688399607549,15.808693083709468,,,,,,0.9637048746164704
test,ar_12,7,17,15.437558173998365,17.84846186932396,,,,,,0.9964631087746221
test,ar_12,8,17,19.43635478107701,22.312751035068402,,,,,,1.0011454104905746
test,ar_12,9,17,17.609602969611572,20.183793541801876,,,,,,0.9543587429335524
test,ar_12,10,17,19.769360763277678,22.512200788670818,,,,,,1.0577840015602435
test,ar_12,11,17,23.33156639868418,26.399625648947765,,,,,,1.1207590527765785
test,ar_12,12,17,22.135419184558895,24.947259018266426,,,,,,1.0794048710271962
test,ar_12,13,17,24.431565155351024,26.962966174225535,,,,,,1.1463570082000698
test,ar_12,14,17,26.622014363175868,29.825699389482303,,,,,,1.18057713362199
test,ar_12,15,17,25.738434012235324,28.498015104266194,,,,,,1.1665912448556282
test,ar_12,16,17,27.659407935800527,30.288311713351035,,,,,,1.204030253523696
test,ar_12,17,17,29.61671967895955,33.39786414263055,,,,,,1.2643368854962393
test,ar_12,18,17,28.902810039052632,32.142462426613314,,,,,,1.253566105377831
test,ar_12,19,17,31.297920467677553,34.150844609367205,,,,,,1.2633313893781897
test,ar_12,20,17,32.182077356853235,35.943454652873776,,,,,,1.2650480150449857
test,ar_12,21,17,30.781921056213264,34.201354804645646,,,,,,1.2708063965117917
test,ar_3,1,17,6.143697322474781,7.431805343564262,,,,,,1.0400602915960093
test,ar_3,2,17,12.145720489289575,14.097601142073465,,,,,,1.0326960504047353
test,ar_3,3,17,9.560469236227288,11.258954331268136,,,,,,0.9486253254880284
test,ar_3,4,17,10.264771922647215,12.730535538353081,,,,,,0.9690200060251148
test,ar_3,5,17,14.485663009754488,17.152536056681498,,,,,,0.959427557431045
test,ar_3,6,17,12.30159438423032,14.194949767674489,,,,,,0.8990074135152414
test,ar_3,7,17,14.543524931684104,16.42394787560502,,,,,,0.9387550739971514
test,ar_3,8,17,18.375071265258963,21.270407997248313,,,,,,0.9464798555005528
test,ar_3,9,17,16.78140456310676,18.796361158295557,,,,,,0.909474233527209
test,ar_3,10,17,19.18474163957206,21.327166504558843,,,,,,1.026503235152729
test,ar_3,11,17,22.407135667192648,25.266921870719063,,,,,,1.0763529424760527
test,ar_3,12,17,21.016056971453644,23.25091332594977,,,,,,1.024820631388652
test,ar_3,13,17,23.284000603045012,25.41322338882996,,,,,,1.092511965586832
test,ar_3,14,17,25.415900369948776,28.183535262237974,,,,,,1.12709092549662
test,ar_3,15,17,24.49962132878417,26.575769175233827,,,,,,1.1104422176909132
test,ar_3,16,17,26.50713514967323,28.534736065376887,,,,,,1.1538711431757993
test,ar_3,17,17,28.368818879833253,31.547559009389182,,,,,,1.2110640373591617
test,ar_3,18,17,27.63780484653465,30.372103598874027,,,,,,1.1987005877923487
test,ar_3,19,17,30.04881323636186,32.450556089557935,,,,,,1.2129115419749064
test,ar_3,20,17,31.188118696480128,34.201891122087076,,,,,,1.225976409554795
test,ar_3,21,17,29.792963205808125,32.61707360410722,,,,,,1.2299780817396138
test,ar_6,1,17,6.5258574472139586,7.768002296950939,,,,,,1.1047557917012276
test,ar_6,2,17,12.714703465665696,14.77963559506395,,,,,,1.0810741168166291
test,ar_6,3,17,10.096924880446004,11.85613511767312,,,,,,1.0018544502864768
test,ar_6,4,17,10.808086969376138,13.072047297651268,,,,,,1.0203102980863747
test,ar_6,5,17,14.94040708496127,17.655278549530415,,,,,,0.9895465790483564
test,ar_6,6,17,12.818180147588816,14.789299691710536,,,,,,0.9367597906844204
test,ar_6,7,17,15.06674775112116,16.905335142950506,,,,,,0.972528047116451
test,ar_6,8,17,18.72427424273825,21.641208869060588,,,,,,0.964466919544753
test,ar_6,9,17,17.15194287341954,19.345318798445692,,,,,,0.9295556900284754
test,ar_6,10,17,19.631990753265796,21.794490454882624,,,,,,1.0504338499481258
test,ar_6,11,17,22.711651637628535,25.702355544870898,,,,,,1.0909807229151882
test,ar_6,12,17,21.3799283150008,23.888157572411373,,,,,,1.0425643432821226
test,ar_6,13,17,23.70198725384249,25.94410830989279,,,,,,1.1121243777851073
test,ar_6,14,17,25.886554910160825,28.79759034121201,,,,,,1.1479625237321875
test,ar_6,15,17,25.023309317806785,27.34734379287769,,,,,,1.1341783091228712
test,ar_6,16,17,27.0849561618154,29.245214558857644,,,,,,1.1790240308064983
test,ar_6,17,17,28.698222479542977,32.2753592014855,,,,,,1.225126267269928
test,ar_6,18,17,28.0148045508028,31.10981199967668,,,,,,1.2150517332473916
test,ar_6,19,17,30.473946080294894,33.135825782251324,,,,,,1.230071904656219
test,ar_6,20,17,31.117090070278557,34.949916680929825,,,,,,1.2231843392483535
test,ar_6,21,17,29.8181349549615,33.26876394423909,,,,,,1.2310172767845586
test,arima_011,1,17,6.159163759984433,7.289883694424828,,,,,,1.0426785891230368
test,arima_011,2,17,12.145089522304893,14.013579500222143,,,,,,1.0326424021165508
test,arima_011,3,17,9.802912546997117,11.531392687710115,,,,,,0.9726814527458764
test,arima_011,4,17,9.917400989607772,12.9226856481102,,,,,,0.9362273257626175
test,arima_011,5,17,14.544655546015761,17.591133201244908,,,,,,0.9633348045438422
test,arima_011,6,17,12.933489688524052,15.39518907478758,,,,,,0.9451866765751392
test,arima_011,7,17,14.841574115782604,17.540831783106395,,,,,,0.95799354508222
test,arima_011,8,17,19.36880818118424,22.57276721110285,,,,,,0.9976661588902318
test,arima_011,9,17,18.055512576738284,20.906994358039896,,,,,,0.9785249738732174
test,arima_011,10,17,19.349068868628507,23.16238643564046,,,,,,1.0352957659784863
test,arima_011,11,17,22.050788876241423,27.196029874351236,,,,,,1.0592354080138577
test,arima_011,12,17,21.08457294310879,25.83794350255305,,,,,,1.0281617234606428
test,arima_011,13,17,23.069433175970268,27.445610835414236,,,,,,1.0824442162554013
test,arima_011,14,17,25.077499274462046,30.26028729210597,,,,,,1.1120842250315763
test,arima_011,15,17,24.359027041379804,29.227808848222978,,,,,,1.1040697995133084
test,arima_011,16,17,26.205100726809462,30.58068946585563,,,,,,1.1407234075634671
test,arima_011,17,17,26.83997323709767,33.66112592022184,,,,,,1.1457976621733224
test,arima_011,18,17,26.213799268850227,32.715676114535064,,,,,,1.1369389416533673
test,arima_011,19,17,28.55658161392953,34.19203413375859,,,,,,1.152678049759716
test,arima_011,20,17,28.827839196903632,35.87932020810521,,,,,,1.1331959820273354
test,arima_011,21,17,27.893732347798675,34.10221395621253,,,,,,1.1515698914774335
test,arima_110,1,17,6.100844801960668,7.206664069644301,,,,,,1.0328058318395872
test,arima_110,2,17,12.20910206014152,14.118956266944467,,,,,,1.0380851006422218
test,arima_110,3,17,9.932309048438292,11.759846278208572,,,,,,0.98552065501343
test,arima_110,4,17,9.954597331960157,13.140072363983462,,,,,,0.9397387530171184
test,arima_110,5,17,14.61116613976642,17.67473771002835,,,,,,0.9677399944521338
test,arima_110,6,17,12.977005995036379,15.500237806443241,,,,,,0.9483668726490346
test,arima_110,7,17,14.937005313298243,17.607040528108968,,,,,,0.9641534355699971
test,arima_110,8,17,19.392663069711052,22.645569547804417,,,,,,0.9988948981489757
test,arima_110,9,17,18.079088208458607,21.036703748723,,,,,,0.9798026636820846
test,arima_110,10,17,19.327674460230114,23.359989450264976,,,,,,1.0341510318013092
test,arima_110,11,17,22.154478690764904,27.432751579224384,,,,,,1.0642162694066215
test,arima_110,12,17,21.030135014366813,26.04965775491801,,,,,,1.0255071288056787
test,arima_110,13,17,23.0579160526124,27.687971782479934,,,,,,1.0819038196417727
test,arima_110,14,17,25.206290561408938,30.482947163772014,,,,,,1.1177955903063832
test,arima_110,15,17,24.600019400005323,29.48252681884451,,,,,,1.1149927474873769
test,arima_110,16,17,26.33577835770932,30.777003808496875,,,,,,1.1464118814970896
test,arima_110,17,17,26.97160324346069,33.87427306417794,,,,,,1.1514169432445176
test,arima_110,18,17,26.346387859703125,32.97834117611312,,,,,,1.1426895438691527
test,arima_110,19,17,28.690135043371562,34.478427839702356,,,,,,1.1580688948079507
test,arima_110,20,17,29.0261283638774,36.136247573978615,,,,,,1.1409905477510944
test,arima_110,21,17,28.029234389268254,34.4153926592552,,,,,,1.1571639822661626
test,arima_111,1,17,6.263088073287828,7.471617468998168,,,,,,1.0602718307696979
test,arima_111,2,17,12.303582475528906,14.286699475719438,,,,,,1.046118345923734
test,arima_111,3,17,10.017586570976468,11.886397222390267,,,,,,0.9939822080581331
test,arima_111,4,17,10.20495213898697,13.32210985095084,,,,,,0.9633728696289344
test,arima_111,5,17,14.756268582654709,17.973118674197007,,,,,,0.9773505509219235
test,arima_111,6,17,13.170525409718634,15.748169847645782,,,,,,0.962509379955364
test,arima_111,7,17,15.1074157070391,17.842977652742746,,,,,,0.9751530812912051
test,arima_111,8,17,19.53073607130321,22.854151327670813,,,,,,1.0060068876868096
test,arima_111,9,17,18.217984379305566,21.215520873974572,,,,,,0.9873301914313778
test,arima_111,10,17,19.423469475605515,23.449327447985745,,,,,,1.03927666210907
test,arima_111,11,17,22.125132433353027,27.40522439648681,,,,,,1.0628065876434063
test,arima_111,12,17,21.24603977687859,26.066252918570967,,,,,,1.0360354431958463
test,arima_111,13,17,23.14365800525106,27.6491494357847,,,,,,1.0859269302234769
test,arima_111,14,17,25.056577294329696,30.42488034427977,,,,,,1.1111564210345763
test,arima_111,15,17,24.340303528780556,29.410321629194403,,,,,,1.10322115868843
test,arima_111,16,17,26.18292681363411,30.74060289030673,,,,,,1.1397581641148693
test,arima_111,17,17,26.817166794461983,33.8211121601851,,,,,,1.1448240558130023
test,arima_111,18,17,26.190355895664272,32.91632991253463,,,,,,1.135922161001869
test,arima_111,19,17,28.53249688960088,34.34883233161907,,,,,,1.151705876919021
test,arima_111,20,17,28.790897757311118,35.99803881717937,,,,,,1.1317438478375124
test,arima_111,21,17,27.868351580947632,34.263347458515014,,,,,,1.1505220673080523
test,cnn,1,17,5.760372600495471,6.772126704317223,,,,,,0.9751676380046106
test,cnn,2,17,11.732192005150512,13.907823705448285,,,,,,0.9975355811121271
test,cnn,3,17,10.090936496626385,11.496828625386838,,,,,,1.001260260565275
test,cnn,4,17,10.084291509622274,12.954480748731223,,,,,,0.9519822060394195
test,cnn,5,17,13.252563209254236,17.443316693972356,,,,,,0.8777557741743174
test,cnn,6,17,11.983631436661065,14.745772377292994,,,,,,0.8757705030661083
test,cnn,7,17,14.10094690026583,16.564035239156535,,,,,,0.9101875585849531
test,cnn,8,17,16.026247115365358,19.951980205850354,,,,,,0.825494488429315
test,cnn,9,17,14.726575546226613,18.227916480648414,,,,,,0.7981120386567597
test,cnn,10,17,15.942590022481431,19.996315252742242,,,,,,0.8530279188662481
test,cnn,11,17,17.368535351068125,23.031580097209282,,,,,,0.8343178891442729
test,cnn,12,17,18.040598233679535,22.63330467008773,,,,,,0.8797262634747061
test,cnn,13,17,17.883610472753823,24.19689328119222,,,,,,0.8391194778968699
test,cnn,14,17,17.426130222473073,25.570768459630685,,,,,,0.7727773934577861
test,cnn,15,17,18.920065060502434,25.98858621209241,,,,,,0.8575495401619466
test,cnn,16,17,17.45716782436761,24.657982504095244,,,,,,0.7599207564444456
test,cnn,17,17,18.36514502835402,28.213648387801324,,,,,,0.7840074970669941
test,cnn,18,17,19.067026796991033,26.948662100347995,,,,,,0.8269707509665465
test,cnn,19,17,18.85563432903462,26.824765300139692,,,,,,0.7611021549852514
test,cnn,20,17,20.137361583471268,29.569565595159165,,,,,,0.7915812586283708
test,cnn,21,17,19.81343306756847,28.065874212760445,,,,,,0.8179813544821606
test,drift,1,17,5.917189282801424,6.91019794281949,,,,,,1.001714975180484
test,drift,2,17,11.817192635954607,13.990399055706543,,,,,,1.0047628028970106
test,drift,3,17,10.005321311497918,11.687147176689395,,,,,,0.9927652033821549
test,drift,4,17,10.590463676193751,13.523150322764439,,,,,,0.9997661178103832
test,drift,5,17,15.223278880417084,18.65306938336018,,,,,,1.008282000105546
test,drift,6,17,13.734976263387159,16.287716607862954,,,,,,1.0037597647561762
test,drift,7,17,15.527171025439252,18.074206421530175,,,,,,1.0022474368093073
test,drift,8,17,19.486178650922163,23.000813506184723,,,,,,1.003711783619188
test,drift,9,17,18.532833335228617,21.345658618078794,,,,,,1.004393543416496
test,drift,10,17,18.903424248232145,23.348975164296895,,,,,,1.0114510015735443
test,drift,11,17,21.18485208029518,27.149032127343364,,,,,,1.0176391222520997
test,drift,12,17,20.84013988495693,25.793259571973444,,,,,,1.0162422639098954
test,drift,13,17,21.979731171658145,27.154477936011993,,,,,,1.0313141506394756
test,drift,14,17,23.437633624668297,29.757741273899523,,,,,,1.039362910184847
test,drift,15,17,22.95397720290091,28.782032280870734,,,,,,1.0403860944605416
test,drift,16,17,24.267912864695912,29.80577316118705,,,,,,1.0563964834963524
test,drift,17,17,24.801238301092347,32.76665525286763,,,,,,1.058764128166767
test,drift,18,17,24.072799031606433,31.914516989942413,,,,,,1.0440799661631526
test,drift,19,17,26.31259505623816,33.18889463516866,,,,,,1.0621001898472044
test,drift,20,17,26.67464221209161,34.910988501776764,,,,,,1.0485557786795785
test,drift,21,17,25.519344910931483,33.045940903241735,,,,,,1.0535452510705603
test,ensemble_all,1,17,5.754041789241753,7.060768485828419,,,,,,0.9740959013852797
test,ensemble_all,2,17,11.651571041420658,14.174495474845886,,,,,,0.990680742743579
test,ensemble_all,3,17,10.079397652241626,11.88002936138224,,,,,,1.000115333497389
test,ensemble_all,4,17,10.48154945569662,13.412074222806543,,,,,,0.989484344440485
test,ensemble_all,5,17,14.085882276776355,18.323544818318563,,,,,,0.9329489176966458
test,ensemble_all,6,17,13.508427694601233,15.83348359958672,,,,,,0.9872034683527683
test,ensemble_all,7,17,14.476349748687214,17.43384674345934,,,,,,0.9344190520092746
test,ensemble_all,8,17,17.68204572944755,22.098747992142428,,,,,,0.9107828669270647
test,ensemble_all,9,17,16.522461138361002,19.895551732913567,,,,,,0.8954407018367031
test,ensemble_all,10,17,16.667457449821047,21.297076995742373,,,,,,0.891812843531908
test,ensemble_all,11,17,18.07579816050845,24.553735243302274,,,,,,0.8682920845680805
test,ensemble_all,12,17,18.06449623759292,22.42362736839228,,,,,,0.8808916184931431
test,ensemble_all,13,17,17.7704820966422,22.66239656584757,,,,,,0.8338113649717572
test,ensemble_all,14,17,17.640535315848737,24.352375425310466,,,,,,0.7822853798602545
test,ensemble_all,15,17,17.90449331123803,22.836117450085265,,,,,,0.8115188799185392
test,ensemble_all,16,17,17.378184822330727,22.535785185243473,,,,,,0.7564825800312969
test,ensemble_all,17,17,16.816493442947124,24.476566176464278,,,,,,0.7178956067754034
test,ensemble_all,18,17,17.325000444313137,23.192584657143115,,,,,,0.751415980082976
test,ensemble_all,19,17,17.94644860337823,23.60566393040754,,,,,,0.7244031395608079
test,ensemble_all,20,17,18.096143723629584,24.782308220699072,,,,,,0.7113428522249009
test,ensemble_all,21,17,17.197329424172437,22.82313468327259,,,,,,0.709977658484947
test,ensemble_without_ets_log,1,17,5.8205562713166685,7.146183590160143,,,,,,0.9853560706271992
test,ensemble_without_ets_log,2,17,11.61399639630399,14.133583509230428,,,,,,0.9874859394676795
test,ensemble_without_ets_log,3,17,9.913615350392078,11.739903572017212,,,,,,0.9836657967470106
test,ensemble_without_ets_log,4,17,10.361951790098688,13.173919531415958,,,,,,0.9781940272749762
test,ensemble_without_ets_log,5,17,13.71076659746366,18.135686479332104,,,,,,0.9081039161447861
test,ensemble_without_ets_log,6,17,13.267506259898164,15.632788645283519,,,,,,0.9695967948511254
test,ensemble_without_ets_log,7,17,13.989201696716956,17.205190129025276,,,,,,0.9029746320544795
test,ensemble_without_ets_log,8,17,16.856056380703677,21.753366025507468,,,,,,0.8682370575444266
test,ensemble_without_ets_log,9,17,16.01045734212146,19.31124377671418,,,,,,0.8676924726347385
test,ensemble_without_ets_log,10,17,15.85123366630266,20.47423817335837,,,,,,0.8481397844867973
test,ensemble_without_ets_log,11,17,17.02557396217194,23.570306526417586,,,,,,0.8178433381094179
test,ensemble_without_ets_log,12,17,17.196990244134145,21.19282471437543,,,,,,0.838588819202227
test,ensemble_without_ets_log,13,17,16.820853141278263,21.076418106428466,,,,,,0.7892536871787431
test,ensemble_without_ets_log,14,17,16.171816271168066,22.430803281841083,,,,,,0.7171537149076749
test,ensemble_without_ets_log,15,17,16.5661005128002,20.72659765258088,,,,,,0.7508563967195547
test,ensemble_without_ets_log,16,17,15.69794291065469,20.05211988880825,,,,,,0.6833406639211578
test,ensemble_without_ets_log,17,17,14.735112785619478,21.644548871412553,,,,,,0.6290415281892702
test,ensemble_without_ets_log,18,17,15.375316646322895,20.20312108797968,,,,,,0.6668547376964211
test,ensemble_without_ets_log,19,17,15.872553689985459,20.454379149960925,,,,,,0.6406909790335092
test,ensemble_without_ets_log,20,17,16.095695097344656,21.63705693141815,,,,,,0.6327070470896459
test,ensemble_without_ets_log,21,17,15.117969491316842,19.670187988163285,,,,,,0.6241329869162814
test,ensemble_without_mr_120_12,1,17,6.073798631041939,7.471410485993143,,,,,,1.0282272129826024
test,ensemble_without_mr_120_12,2,17,12.043289927602567,14.596228017607007,,,,,,1.0239868398981875
test,ensemble_without_mr_120_12,3,17,10.296119129926065,12.459731399137613,,,,,,1.0216192447834187
test,ensemble_without_mr_120_12,4,17,11.15734508759921,14.180473176428867,,,,,,1.0532811333251144
test,ensemble_without_mr_120_12,5,17,14.933882264490803,19.13694598407506,,,,,,0.9891144212270374
test,ensemble_without_mr_120_12,6,17,14.297990933025346,16.774533792289503,,,,,,1.0449051924229682
test,ensemble_without_mr_120_12,7,17,15.420499114341075,18.700839540594547,,,,,,0.9953619810297235
test,ensemble_without_mr_120_12,8,17,18.85890438997122,23.435383325661835,,,,,,0.9714015714141037
test,ensemble_without_mr_120_12,9,17,17.711374646431008,21.21613784015643,,,,,,0.959874295426317
test,ensemble_without_mr_120_12,10,17,18.063989565671193,22.909123286318838,,,,,,0.9665360147816011
test,ensemble_without_mr_120_12,11,17,19.74898876253505,26.175925323041167,,,,,,0.9486657501076459
test,ensemble_without_mr_120_12,12,17,19.613321668816248,24.013793573307257,,,,,,0.9564180723133388
test,ensemble_without_mr_120_12,13,17,19.37315395125003,24.392382050577677,,,,,,0.9090105632503945
test,ensemble_without_mr_120_12,14,17,19.208445763520682,25.888327456728984,,,,,,0.851815776652802
test,ensemble_without_mr_120_12,15,17,19.128274837757907,24.435746730063,,,,,,0.866986621808954
test,ensemble_without_mr_120_12,16,17,19.416711314630668,24.28120247723643,,,,,,0.8452208341195845
test,ensemble_without_mr_120_12,17,17,19.027325953715042,25.99120062694242,,,,,,0.8122759811490025
test,ensemble_without_mr_120_12,18,17,19.079698720390486,24.863055446703825,,,,,,0.8275203547470105
test,ensemble_without_mr_120_12,19,17,19.921191017049363,25.645040497129436,,,,,,0.8041130384885533
test,ensemble_without_mr_120_12,20,17,20.277091489913172,26.75406061462353,,,,,,0.7970739134009848
test,ensemble_without_mr_120_12,21,17,19.241282070468735,24.99598115620016,,,,,,0.7943605692310665
test,ensemble_without_naive,1,17,5.911271405263519,7.2653802618408525,,,,,,1.0007131436912946
test,ensemble_without_naive,2,17,11.759296422140949,14.33301844689583,,,,,,0.9998401479263586
test,ensemble_without_naive,3,17,10.079785104949623,12.063433487398441,,,,,,1.000153777996519
test,ensemble_without_naive,4,17,10.56654072142104,13.508610859414054,,,,,,0.997507731364714
test,ensemble_without_naive,5,17,13.910230811727994,18.339599433979025,,,,,,0.9213150107117152
test,ensemble_without_naive,6,17,13.475942808487916,15.841663094067275,,,,,,0.9848294546655256
test,ensemble_without_naive,7,17,14.204348684524135,17.42783304030202,,,,,,0.9168619343012123
test,ensemble_without_naive,8,17,17.10468842357713,22.00592323925278,,,,,,0.8810438225694197
test,ensemble_without_naive,9,17,16.230314450591127,19.6391611156432,,,,,,0.879607707408981
test,ensemble_without_naive,10,17,16.072851313547886,20.88880181031332,,,,,,0.8599977097139434
test,ensemble_without_naive,11,17,17.26833187426744,23.967145558741286,,,,,,0.8295044980574922
test,ensemble_without_naive,12,17,17.440896944241533,21.605075593457016,,,,,,0.8504826115888532
test,ensemble_without_naive,13,17,17.040446717091562,21.535789962038944,,,,,,0.7995572691633035
test,ensemble_without_naive,14,17,16.41996745498522,22.905711086575035,,,,,,0.72815820199491
test,ensemble_without_naive,15,17,16.80814794439581,21.23801547160812,,,,,,0.7618271657416715
test,ensemble_without_naive,16,17,15.973854272911565,20.532828455586404,,,,,,0.6953512473804743
test,ensemble_without_naive,17,17,15.045284483624856,22.122506046803185,,,,,,0.6422827487861549
test,ensemble_without_naive,18,17,15.650131586509762,20.80346839385734,,,,,,0.6787739487974944
test,ensemble_without_naive,19,17,16.18428441234744,21.050382030788036,,,,,,0.6532738983044603
test,ensemble_without_naive,20,17,16.435471151382263,22.131632215608157,,,,,,0.6460633328866706
test,ensemble_without_naive,21,17,15.458309778448866,20.357549907440458,,,,,,0.6381836568887046
test,ensemble_without_ridge_direct,1,17,5.81293690891613,6.868388285235743,,,,,,0.9840661964904819
test,ensemble_without_ridge_direct,2,17,11.574403991269632,13.956943895256378,,,,,,0.9841195751304578
test,ensemble_without_ridge_direct,3,17,10.028071023698745,11.674925125381314,,,,,,0.9950225144626083
test,ensemble_without_ridge_direct,4,17,10.168832206023387,13.174015286281632,,,,,,0.9599630580986095
test,ensemble_without_ridge_direct,5,17,14.107298491603444,18.013783487560918,,,,,,0.934367375841581
test,ensemble_without_ridge_direct,6,17,12.992270776993504,15.552269388457097,,,,,,0.9494824314714537
test,ensemble_without_ridge_direct,7,17,14.423970107238574,16.89591947096104,,,,,,0.9310380522574924
test,ensemble_without_ridge_direct,8,17,17.90853372353818,21.65788235746228,,,,,,0.9224490161803088
test,ensemble_without_ridge_direct,9,17,16.7819284456287,20.006170782182565,,,,,,0.9095026255282067
test,ensemble_without_ridge_direct,10,17,17.057688333187826,21.52650183055125,,,,,,0.9126926276727718
test,ensemble_without_ridge_direct,11,17,19.04545428848244,25.111321202160287,,,,,,0.9148706496304082
test,ensemble_without_ridge_direct,12,17,18.52613670233161,23.650383855801167,,,,,,0.9034029141748531
test,ensemble_without_ridge_direct,13,17,18.707267223388072,24.48748916463781,,,,,,0.8777663956214213
test,ensemble_without_ridge_direct,14,17,19.250190774413877,27.03703478521738,,,,,,0.8536669966480656
test,ensemble_without_ridge_direct,15,17,19.31360422576708,25.953699339905665,,,,,,0.8753866527262653
test,ensemble_without_ridge_direct,16,17,19.356266127884233,26.32807242975762,,,,,,0.8425896196810282
test,ensemble_without_ridge_direct,17,17,19.46570698729002,29.155288511098455,,,,,,0.830990454482272
test,ensemble_without_ridge_direct,18,17,19.919107337417774,28.224620205084058,,,,,,0.8639269944282634
test,ensemble_without_ridge_direct,19,17,20.773910305696905,28.850740944604883,,,,,,0.8385328027278168
test,ensemble_without_ridge_direct,20,17,21.20180544695607,30.431309648818868,,,,,,0.8334235729605595
test,ensemble_without_ridge_direct,21,17,19.881851820646574,28.628777560937532,,,,,,0.8208059666593613
test,ets_log,1,17,6.1654276620836725,7.376071593086849,,,,,,1.0437389987594345
test,ets_log,2,17,12.198891183614418,14.728055084755143,,,,,,1.03721691568193
test,ets_log,3,17,10.576744557790281,12.954903475229013,,,,,,1.049463943748525
test,ets_log,4,17,11.187430937494653,14.836866873478325,,,,,,1.0561213124023163
test,ets_log,5,17,15.783914520460906,19.586016051368055,,,,,,1.045414527789907
test,ets_log,6,17,14.377989568873526,17.433444222951355,,,,,,1.0507515375756595
test,ets_log,7,17,16.188085607122837,19.208420184127927,,,,,,1.0449081342639186
test,ets_log,8,17,20.160013775679175,24.1360371393823,,,,,,1.038420295074979
test,ets_log,9,17,19.214668644500513,22.808153757065558,,,,,,1.0413458523224581
test,ets_log,10,17,19.47189309093084,24.87635542763044,,,,,,1.041867627300215
test,ets_log,11,17,21.629332622985096,28.541620299517326,,,,,,1.0389902644553453
test,ets_log,12,17,21.379518487794126,27.296827809168846,,,,,,1.0425443585924503
test,ets_log,13,17,22.239870894494523,28.601771763092298,,,,,,1.0435202042626668
test,ets_log,14,17,23.6123418356161,31.188988482854878,,,,,,1.0471105026880756
test,ets_log,15,17,23.087743826923955,30.360911600944164,,,,,,1.046449049664615
test,ets_log,16,17,24.170313608378766,31.101289860164723,,,,,,1.052147930613369
test,ets_log,17,17,24.64916402896401,33.989509529849386,,,,,,1.052272081995852
test,ets_log,18,17,24.092145035173537,33.4181696348554,,,,,,1.0449190366311616
test,ets_log,19,17,26.049989007013366,34.44347612010727,,,,,,1.051500173613893
test,ets_log,20,17,26.61270415138349,35.90993692793396,,,,,,1.0461210501850284
test,ets_log,21,17,25.414307072027533,34.434347814882344,,,,,,1.0492088499307108
test,hgb_direct,1,17,6.229919913417163,7.361701462923651,,,,,,1.0546568266091592
test,hgb_direct,2,17,11.849246512611174,13.921168320212734,,,,,,1.0074882000319594
test,hgb_direct,3,17,10.849395216083206,12.61710961842572,,,,,,1.076517356408186
test,hgb_direct,4,17,12.243164872515953,13.80391567373164,,,,,,1.155785222305482
test,hgb_direct,5,17,15.832275135938024,19.020681986528043,,,,,,1.0486175918921046
test,hgb_direct,6,17,15.051688812633381,17.3953505741009,,,,,,1.0999858559658133
test,hgb_direct,7,17,16.66715367303879,20.632749411149668,,,,,,1.0758310074862718
test,hgb_direct,8,17,19.52518189574341,25.612302576143602,,,,,,1.0057207981688219
test,hgb_direct,9,17,18.371711693242133,23.07575649411838,,,,,,0.9956614982948108
test,hgb_direct,10,17,19.704168479032447,24.07557275256212,,,,,,1.0542958080811773
test,hgb_direct,11,17,19.568260570541476,25.77745124929231,,,,,,0.9399842602407604
test,hgb_direct,12,17,17.402640415838874,21.45982051109434,,,,,,0.8486170818348368
test,hgb_direct,13,17,20.301566704091957,23.900121382406702,,,,,,0.9525727525311563
test,hgb_direct,14,17,21.78407082658001,26.732736923432462,,,,,,0.9660341829968964
test,hgb_direct,15,17,22.11068391930092,24.842768869833634,,,,,,1.0021639337406767
test,hgb_direct,16,17,20.967706952664795,24.08326093871621,,,,,,0.9127365841172291
test,hgb_direct,17,17,22.57214747087653,26.85507564985976,,,,,,0.9636043066769652
test,hgb_direct,18,17,22.979203422039134,24.455280094417947,,,,,,0.9966487860359865
test,hgb_direct,19,17,19.11550423442819,21.96512590740165,,,,,,0.7715917275745066
test,hgb_direct,20,17,17.09371202903805,22.943208985212866,,,,,,0.6719381795122131
test,hgb_direct,21,17,16.863413360167627,20.79510254614065,,,,,,0.6961922073020781
test,lstm,1,17,5.658593193234232,6.595895372923428,,,,,,0.957937505327444
test,lstm,2,17,10.965704615331163,13.435753461417825,,,,,,0.9323646016836539
test,lstm,3,17,9.331540558104466,11.071417897243155,,,,,,0.9259101703599832
test,lstm,4,17,9.02100726787514,12.034647578357825,,,,,,0.8516055283978087
test,lstm,5,17,12.558468937487124,16.70169976761054,,,,,,0.83178389347131
test,lstm,6,17,12.059180918888913,14.255093996837582,,,,,,0.8812917015781597
test,lstm,7,17,13.056055915269486,15.013023193849875,,,,,,0.8427419621049522
test,lstm,8,17,15.60848079182851,19.799201398268902,,,,,,0.8039758013000992
test,lstm,9,17,14.774696205832289,18.276918173732774,,,,,,0.8007199550470189
test,lstm,10,17,15.880782865863964,19.40658939876052,,,,,,0.8497208508110519
test,lstm,11,17,18.258663608567552,23.399955738105092,,,,,,0.877076240027263
test,lstm,12,17,18.41643633084057,22.20823847199883,,,,,,0.8980535185138248
test,lstm,13,17,17.630521920563755,22.588912947380337,,,,,,0.8272442732731191
test,lstm,14,17,17.681071948859678,25.49460905263243,,,,,,0.784083013253201
test,lstm,15,17,17.733707999422762,24.81452654151692,,,,,,0.8037780574031165
test,lstm,16,17,17.66855551836595,24.692375381982007,,,,,,0.7691225867723891
test,lstm,17,17,18.310043824999983,27.896115915425145,,,,,,0.7816552283285615
test,lstm,18,17,18.855752593362293,27.244944711200553,,,,,,0.8178074142442059
test,lstm,19,17,18.719675750212833,27.644361004680118,,,,,,0.7556142267870124
test,lstm,20,17,18.903903389334417,29.667566191296203,,,,,,0.743095145602435
test,lstm,21,17,18.595584308568156,27.407605759888405,,,,,,0.7677034660392896
test,mr_120_12,1,17,5.3663242411353105,6.49356197139372,,,,,,0.9084595907120122
test,mr_120_12,2,17,10.779415454150577,13.44031808776015,,,,,,0.9165252711841543
test,mr_120_12,3,17,9.42923321918831,10.992430449280299,,,,,,0.9356035996393001
test,mr_120_12,4,17,9.333627026088175,12.043937033097306,,,,,,0.881117611303304
test,mr_120_12,5,17,11.977568602826455,16.764081492605815,,,,,,0.793309176171932
test,mr_120_12,6,17,11.683224994557902,14.333754083001248,,,,,,0.8538166318781031
test,mr_120_12,7,17,12.291959885774206,15.008583687772154,,,,,,0.7934211112053822
test,mr_120_12,8,17,14.504461366219516,19.362348683861526,,,,,,0.7471089662638826
test,mr_120_12,9,17,14.228210809859123,17.726470136473377,,,,,,0.7711029831918039
test,mr_120_12,10,17,14.465043408123597,18.297842875400324,,,,,,0.7739699670719539
test,mr_120_12,11,17,15.803894659478665,21.58140080740173,,,,,,0.7591585453832645
test,mr_120_12,12,17,16.206765194008927,20.100973890313586,,,,,,0.7903017850328486
test,mr_120_12,13,17,15.369157834487128,20.063553511114353,,,,,,0.7211384813730815
test,mr_120_12,14,17,15.032039267625732,22.58062633868387,,,,,,0.6666092801607865
test,mr_120_12,15,17,16.080612013719858,21.353651674734483,,,,,,0.7288516923060696
test,mr_120_12,16,17,14.943200291765763,20.8466146809493,,,,,,0.6504862749597162
test,mr_120_12,17,17,14.99034273337946,23.46546801183306,,,,,,0.6399372870962052
test,mr_120_12,18,17,16.733151842967555,22.237790577048237,,,,,,0.7257464571141147
test,mr_120_12,19,17,15.67724826911672,21.82443608535322,,,,,,0.6328075329446866
test,mr_120_12,20,17,14.824902693987442,23.542988231927886,,,,,,0.5827533604591913
test,mr_120_12,21,17,15.784599798124084,21.760912242620037,,,,,,0.651654273078123
test,mr_120_24,1,17,5.633531683408772,6.6519441898398055,,,,,,0.953694867735004
test,mr_120_24,2,17,11.248026345976117,13.632409661552227,,,,,,0.9563691501530157
test,mr_120_24,3,17,9.743790127245074,11.160351939539764,,,,,,0.966815106304595
test,mr_120_24,4,17,9.706322513885713,12.482193326188726,,,,,,0.9163009925369676
test,mr_120_24,5,17,13.139801347402383,17.35638091578825,,,,,,0.8702872283704388
test,mr_120_24,6,17,12.342987729654132,14.820538978252822,,,,,,0.902032462402718
test,mr_120_24,7,17,13.523085125631235,15.900112080378468,,,,,,0.8728877515879979
test,mr_120_24,8,17,16.488908696560255,20.513594025832774,,,,,,0.8493256812553763
test,mr_120_24,9,17,15.384453099464952,18.78095045293622,,,,,,0.8337659483897736
test,mr_120_24,10,17,15.660370968497341,19.8973558671773,,,,,,0.8379274407165266
test,mr_120_24,11,17,17.36271898923535,23.375464875610234,,,,,,0.834038493407745
test,mr_120_24,12,17,17.51800306475983,21.86796664257232,,,,,,0.8542425910760056
test,mr_120_24,13,17,16.9063992546019,22.313444048251103,,,,,,0.7932676087555747
test,mr_120_24,14,17,16.579299324207383,24.83830575992912,,,,,,0.7352239168162921
test,mr_120_24,15,17,17.048896960327685,23.67031489676649,,,,,,0.7727390842391303
test,mr_120_24,16,17,16.431624974780863,23.645470937455485,,,,,,0.7152782745788407
test,mr_120_24,17,17,16.693250307567233,26.386415138430422,,,,,,0.7126343609779594
test,mr_120_24,18,17,17.853695556156477,25.274610964802736,,,,,,0.774346424264364
test,mr_120_24,19,17,17.159917210624627,25.422688420943295,,,,,,0.692655030346231
test,mr_120_24,20,17,16.790060413151625,27.03215988099305,,,,,,0.6600019123258899
test,mr_120_24,21,17,16.903329380624864,25.171009119516356,,,,,,0.6978401075103763
test,mr_120_6,1,17,5.1460958811029105,6.41546981131674,,,,,,0.8711773548969275
test,mr_120_6,2,17,9.97112706179614,13.440271184569355,,,,,,0.8478001402947604
test,mr_120_6,3,17,9.478445230354263,11.481075199660863,,,,,,0.9404865984709185
test,mr_120_6,4,17,9.226305417848778,12.373635458740589,,,,,,0.8709861844926101
test,mr_120_6,5,17,11.249603281498123,16.86405222163348,,,,,,0.7450939174249742
test,mr_120_6,6,17,11.964839865693918,15.06046061942263,,,,,,0.8743972045258215
test,mr_120_6,7,17,11.676286636353112,15.317871459379946,,,,,,0.7536806501044269
test,mr_120_6,8,17,12.977943580342396,19.094732740901204,,,,,,0.6684797020537534
test,mr_120_6,9,17,14.741217865733688,17.827647716118992,,,,,,0.7989055844091835
test,mr_120_6,10,17,14.464005366638306,17.714344465597684,,,,,,0.7739144253835176
test,mr_120_6,11,17,14.769710911964026,20.623938735484725,,,,,,0.7094803207216401
test,mr_120_6,12,17,16.313315726839395,19.358940864698432,,,,,,0.7954975829162689
test,mr_120_6,13,17,15.260641212136832,18.80537912140706,,,,,,0.7160467572143361
test,mr_120_6,14,17,15.263178112701398,21.215494161325225,,,,,,0.6768593398093747
test,mr_120_6,15,17,16.852682458114547,20.00108521841028,,,,,,0.7638456869063035
test,mr_120_6,16,17,15.226522814550425,19.099683961553374,,,,,,0.6628194705844807
test,mr_120_6,17,17,15.20061244435877,21.467166308271977,,,,,,0.6489136948272289
test,mr_120_6,18,17,16.68452764939825,20.15316378470168,,,,,,0.7236375396463166
test,mr_120_6,19,17,15.374042406817193,19.22892084971414,,,,,,0.6205687171523703
test,mr_120_6,20,17,15.061696745501035,21.163548825253613,,,,,,0.5920615179631363
test,mr_120_6,21,17,15.67133495687184,19.50463414145431,,,,,,0.6469782268852817
test,mr_180_12,1,17,5.411025591503042,6.516744987239721,,,,,,0.9160270370001165
test,mr_180_12,2,17,10.946563761829065,13.408845012153035,,,,,,0.9307371408977398
test,mr_180_12,3,17,9.402258173080654,10.719246679067208,,,,,,0.9329270352090767
test,mr_180_12,4,17,9.28577789207894,11.835613094114915,,,,,,0.8766005340145602
test,mr_180_12,5,17,11.942327533304194,16.600581790606295,,,,,,0.7909750577245932
test,mr_180_12,6,17,11.093590083409044,13.81820702224978,,,,,,0.8107257820391787
test,mr_180_12,7,17,11.954251525183967,14.630925753659824,,,,,,0.7716227206140693
test,mr_180_12,8,17,14.80051731325181,19.08777515452701,,,,,,0.762358484805723
test,mr_180_12,9,17,13.754517363465098,17.03258392751703,,,,,,0.7454309971273484
test,mr_180_12,10,17,13.967865090256904,17.821283014113494,,,,,,0.7473678286993812
test,mr_180_12,11,17,15.577143888960457,21.239766859571123,,,,,,0.7482663071837462
test,mr_180_12,12,17,15.465145368730626,19.445097450998322,,,,,,0.7541376606861929
test,mr_180_12,13,17,14.701269223654673,19.68980968600713,,,,,,0.6898003831032249
test,mr_180_12,14,17,14.880936848655937,22.216617900612817,,,,,,0.6599085077009286
test,mr_180_12,15,17,15.043125375826401,20.706165800366595,,,,,,0.6818277425255254
test,mr_180_12,16,17,14.388466383535098,20.535544700596635,,,,,,0.626338382506073
test,mr_180_12,17,17,14.918775625707733,23.188807696593987,,,,,,0.6368820893903658
test,mr_180_12,18,17,16.07413454700997,21.76438109467745,,,,,,0.697163708794697
test,mr_180_12,19,17,14.823157205099493,21.71476548903424,,,,,,0.5983323973945563
test,mr_180_12,20,17,14.740055413787552,23.47842535661934,,,,,,0.5794180915078233
test,mr_180_12,21,17,15.225819769201978,21.412296567812426,,,,,,0.6285854972957251
test,mr_180_24,1,17,5.656518079733091,6.679467079009944,,,,,,0.9575862114664662
test,mr_180_24,2,17,11.344073314300285,13.645304881175587,,,,,,0.9645355923932422
test,mr_180_24,3,17,9.731425376479772,11.093168490311477,,,,,,0.9655882297330072
test,mr_180_24,4,17,9.68340140772261,12.483506419415274,,,,,,0.9141371830924276
test,mr_180_24,5,17,13.414910462011541,17.385619541437997,,,,,,0.8885085045162903
test,mr_180_24,6,17,12.233459787315965,14.72664008635846,,,,,,0.8940280989784688
test,mr_180_24,7,17,13.48586319535257,15.913150127971125,,,,,,0.8704851513877575
test,mr_180_24,8,17,16.876460588257565,20.56753766528829,,,,,,0.8692880559943602
test,mr_180_24,9,17,15.631557786622166,18.661290298244907,,,,,,0.8471578754545295
test,mr_180_24,10,17,15.831798654841133,19.920399309881134,,,,,,0.8470998902565129
test,mr_180_24,11,17,17.734695756337725,23.457114767808974,,,,,,0.8519068320365678
test,mr_180_24,12,17,17.17054006139377,21.82281421299319,,,,,,0.8372990105091332
test,mr_180_24,13,17,17.093745511565263,22.448378300258433,,,,,,0.8020581096205167
test,mr_180_24,14,17,17.370289388109107,24.960977180290783,,,,,,0.7703010815125991
test,mr_180_24,15,17,17.51920668764917,23.67039272290446,,,,,,0.794055812755048
test,mr_180_24,16,17,17.147338717773106,23.86030841866559,,,,,,0.7464337136766518
test,mr_180_24,17,17,17.28851440501394,26.59540992393711,,,,,,0.738046167659176
test,mr_180_24,18,17,17.847361877346927,25.40380831289053,,,,,,0.7740717213871255
test,mr_180_24,19,17,18.128544871351508,25.773738840003336,,,,,,0.7317534020632909
test,mr_180_24,20,17,18.32040204869922,27.394848034252174,,,,,,0.7201582417922323
test,mr_180_24,21,17,17.35937982170476,25.406155149396422,,,,,,0.7166677764072586
test,mr_180_6,1,17,5.12119231261444,6.3428730671365,,,,,,0.8669614550333147
test,mr_180_6,2,17,10.230593020948007,13.19459665779451,,,,,,0.8698613651901376
test,mr_180_6,3,17,8.83925773018261,10.578693123061475,,,,,,0.8770640367308957
test,mr_180_6,4,17,8.5944916014826,11.432137516640296,,,,,,0.8113413884118404
test,mr_180_6,5,17,10.691574314710595,16.023918257469884,,,,,,0.7081340372855423
test,mr_180_6,6,17,10.452337937346755,13.444772216089175,,,,,,0.7638627157376615
test,mr_180_6,7,17,10.518420499083565,13.817210294904106,,,,,,0.6789427363952637
test,mr_180_6,8,17,12.145856041960712,17.862872023830413,,,,,,0.6256197815820269
test,mr_180_6,9,17,11.540863749801028,15.815588969114096,,,,,,0.62546124632306
test,mr_180_6,10,17,12.054495783578968,15.972071238398568,,,,,,0.6449906468615211
test,mr_180_6,11,17,13.043650840445371,19.216516511671806,,,,,,0.6265670084418518
test,mr_180_6,12,17,13.763182732854391,17.387796652435345,,,,,,0.6711436706400223
test,mr_180_6,13,17,12.960221729141711,17.22251688791544,,,,,,0.6081084413772986
test,mr_180_6,14,17,12.695460341967953,19.78607407625477,,,,,,0.5629915894442552
test,mr_180_6,15,17,14.224302043903966,18.096743634403467,,,,,,0.6447146792501863
test,mr_180_6,16,17,13.03360554637385,17.660281917226847,,,,,,0.5673604954506836
test,mr_180_6,17,17,12.522338961299193,20.21388547108148,,,,,,0.5345782791976452
test,mr_180_6,18,17,14.595118862705908,18.570443958560215,,,,,,0.6330161768190642
test,mr_180_6,19,17,13.685896714689662,18.163827054972685,,,,,,0.5524272109168112
test,mr_180_6,20,17,12.803644018363858,20.281540712788285,,,,,,0.5032995313251453
test,mr_180_6,21,17,14.134564096394174,18.179590080378446,,,,,,0.5835339007205328
test,mr_60_12,1,17,5.5361492598304265,6.702144154713565,,,,,,0.9372090959681063
test,mr_60_12,2,17,11.124772833228164,13.835107690068359,,,,,,0.9458894576616924
test,mr_60_12,3,17,10.15753451466018,11.785612990060025,,,,,,1.0078683636795835
test,mr_60_12,4,17,10.243559881588972,13.262303761708575,,,,,,0.9670175365782571
test,mr_60_12,5,17,13.162448634398302,18.166959964677805,,,,,,0.8717872240026928
test,mr_60_12,6,17,13.375195436941054,16.341571239061174,,,,,,0.9774667802768374
test,mr_60_12,7,17,14.231460008720106,17.470634415607854,,,,,,0.918611915359539
test,mr_60_12,8,17,16.48224591693651,21.881870403196896,,,,,,0.8489824887526383
test,mr_60_12,9,17,16.085027154225457,20.79898320050176,,,,,,0.8717338103220886
test,mr_60_12,10,17,16.73372599984781,21.730405793380864,,,,,,0.8953586239374695
test,mr_60_12,11,17,18.453654084936854,25.044131453432296,,,,,,0.8864428353883202
test,mr_60_12,12,17,19.376330477107416,24.155087432446983,,,,,,0.9448615056819059
test,mr_60_12,13,17,18.53587852841066,24.426408218466495,,,,,,0.8697246418342888
test,mr_60_12,14,17,18.466557471738206,26.913000350046143,,,,,,0.8189160741347321
test,mr_60_12,15,17,20.096102672356604,26.2776261118451,,,,,,0.9108532951983955
test,mr_60_12,16,17,19.245483442717724,26.08546699580674,,,,,,0.8377671844063229
test,mr_60_12,17,17,19.17704060345474,28.481861660751864,,,,,,0.8186672951100663
test,mr_60_12,18,17,21.354261260656116,27.849145435726864,,,,,,0.9261721640758086
test,mr_60_12,19,17,20.645692157935585,27.72716458607012,,,,,,0.833357314761385
test,mr_60_12,20,17,19.942730694118865,29.329082363905954,,,,,,0.7839304964506687
test,mr_60_12,21,17,21.222985828469138,28.048874100113835,,,,,,0.8761735856136175
test,mr_60_24,1,17,5.718871289706327,6.752334327403815,,,,,,0.9681419231727499
test,mr_60_24,2,17,11.394904141274125,13.82793583750442,,,,,,0.9688575092610789
test,mr_60_24,3,17,10.125235658741774,11.560062169625885,,,,,,1.004663551033737
test,mr_60_24,4,17,10.189340932678842,13.098871667450107,,,,,,0.9618991329161503
test,mr_60_24,5,17,13.856264908954165,18.07969117484883,,,,,,0.9177406921425209
test,mr_60_24,6,17,13.070453351228327,15.88445856533654,,,,,,0.9551960578234097
test,mr_60_24,7,17,14.444980555583463,17.201943428919922,,,,,,0.9323942341379765
test,mr_60_24,8,17,17.698077995481743,21.850536550565472,,,,,,0.9116086714434302
test,mr_60_24,9,17,16.599140996888192,20.43983100774973,,,,,,0.8995963942460445
test,mr_60_24,10,17,17.123257591320378,21.732420081533252,,,,,,0.9162009916040742
test,mr_60_24,11,17,18.968780310521165,25.24190371166749,,,,,,0.9111875255124606
test,mr_60_24,12,17,19.065733479148783,24.088169469552316,,,,,,0.9297156478272309
test,mr_60_24,13,17,18.627976102754094,24.689523913020167,,,,,,0.8740459654627792
test,mr_60_24,14,17,18.574527618607164,27.224796685370197,,,,,,0.8237041072553067
test,mr_60_24,15,17,19.082502648808358,26.409966320033405,,,,,,0.8649120031720533
test,mr_60_24,16,17,18.388832659046976,26.546936362779963,,,,,,0.8004766732486585
test,mr_60_24,17,17,19.122464089499445,29.17054380314023,,,,,,0.8163374253465185
test,mr_60_24,18,17,20.70766362281066,28.420681431199256,,,,,,0.8981280783441709
test,mr_60_24,19,17,19.678664651445576,28.696257676287132,,,,,,0.7943235328012507
test,mr_60_24,20,17,19.514203226722103,30.292471168425735,,,,,,0.7670854737999763
test,mr_60_24,21,17,19.977035332138506,28.766020557312558,,,,,,0.8247355399639483
test,mr_60_6,1,17,5.472448044096275,6.841874658219278,,,,,,0.9264251817330876
test,mr_60_6,2,17,10.628259821417467,14.203266644318479,,,,,,0.9036731867765176
test,mr_60_6,3,17,10.515844084894908,12.886039427215088,,,,,,1.0434211722594608
test,mr_60_6,4,17,10.680997891483061,14.463705213163339,,,,,,1.0083127729631944
test,mr_60_6,5,17,13.314237842686476,19.229048170717473,,,,,,0.8818406643770995
test,mr_60_6,6,17,14.814475628955423,18.17602846972423,,,,,,1.082650183527823
test,mr_60_6,7,17,15.001228572579713,19.103778531974438,,,,,,0.9682989168616589
test,mr_60_6,8,17,16.470950487795704,23.03605976988238,,,,,,0.848400673532078
test,mr_60_6,9,17,18.48273334274416,22.429713005976918,,,,,,1.0016783563716232
test,mr_60_6,10,17,18.176360540160875,22.898820265527167,,,,,,0.9725485622017339
test,mr_60_6,11,17,18.949565839612106,25.850381098886736,,,,,,0.9102645359519803
test,mr_60_6,12,17,21.28007889002169,25.279649521003936,,,,,,1.0376953161906048
test,mr_60_6,13,17,20.43215999919647,25.17216569390178,,,,,,0.9587003394505809
test,mr_60_6,14,17,20.262148249261212,27.486085078151653,,,,,,0.8985431596124708
test,mr_60_6,15,17,22.2885907237645,27.005945842113647,,,,,,1.01022753700375
test,mr_60_6,16,17,21.294025385926833,26.51092648660568,,,,,,0.9269414169481376
test,mr_60_6,17,17,20.8990946124493,28.578833361744376,,,,,,0.8921817297263778
test,mr_60_6,18,17,22.854887529454793,28.010592759265904,,,,,,0.9912569854085402
test,mr_60_6,19,17,21.954672486779153,27.538715994028514,,,,,,0.8861939222035463
test,mr_60_6,20,17,21.398122410777113,29.13376086526334,,,,,,0.8411406131829049
test,mr_60_6,21,17,22.293576552710125,28.01681867866551,,,,,,0.9203720467144402
test,naive,1,17,5.907058823529413,6.894394142216942,,,,,,1.0
test,naive,2,17,11.761176470588236,13.983544951540889,,,,,,1.0
test,naive,3,17,10.078235294117647,11.719895853783402,,,,,,1.0
test,naive,4,17,10.592941176470587,13.514164682244461,,,,,,1.0
test,naive,5,17,15.098235294117645,18.636404443675158,,,,,,1.0
test,naive,6,17,13.683529411764706,16.34038267245761,,,,,,1.0
test,naive,7,17,15.49235294117647,18.05604819639636,,,,,,1.0
test,naive,8,17,19.41411764705882,22.960747579548986,,,,,,1.0
test,naive,9,17,18.451764705882354,21.396223690999637,,,,,,1.0
test,naive,10,17,18.68941176470588,23.288481121386525,,,,,,1.0
test,naive,11,17,20.81764705882353,27.049648470043767,,,,,,1.0
test,naive,12,17,20.507058823529416,25.76365314797985,,,,,,1.0
test,naive,13,17,21.312352941176474,26.977620899771065,,,,,,1.0
test,naive,14,17,22.549999999999997,29.56960910044198,,,,,,1.0
test,naive,15,17,22.06294117647059,28.659982451453928,,,,,,1.0
test,naive,16,17,22.97235294117647,29.499255324598998,,,,,,1.0
test,naive,17,17,23.42470588235294,32.41504498186715,,,,,,1.0
test,naive,18,17,23.056470588235296,31.605071819343845,,,,,,1.0
test,naive,19,17,24.774117647058826,32.682874270605936,,,,,,1.0
test,naive,20,17,25.439411764705884,34.369663008154696,,,,,,1.0
test,naive,21,17,24.222352941176467,32.54617317343614,,,,,,1.0
test,naive_quantiles,1,17,6.010789468113913,7.016878588994225,2.1412282942095944,3.9896321139561413,0.8823529411764706,20.93959094621637,31.480658016835303,1.0175604556655695
test,naive_quantiles,2,17,11.979873489051604,14.027488530178601,4.429002237411676,8.243670344861716,0.8235294117647058,32.553531546941095,68.57356248818583,1.0185948250168915
test,naive_quantiles,3,17,9.741829239730022,11.691409889634802,3.654427581432455,6.770137171598806,0.8823529411764706,43.20778695723082,69.31009324914372,0.9666205397502502
test,naive_quantiles,4,17,10.697622689729588,13.613252584397559,4.265642269070296,7.901852062026488,0.8823529411764706,49.36149143696981,81.14729968282977,1.0098821952765604
test,naive_quantiles,5,17,15.68827564549213,18.869607431409175,5.841936865049099,10.888255980485141,0.8823529411764706,58.47135336300456,84.56962524325797,1.0390800871678274
test,naive_quantiles,6,17,13.960114756036615,16.449100387016184,5.219576936501482,9.706610671340094,0.8823529411764706,60.85125368531255,84.2342032050881,1.0202130120050832
test,naive_quantiles,7,17,15.808404174622623,18.439333609733797,5.941293143749438,11.045950812266224,0.8823529411764706,69.26116272475883,97.00246434308316,1.0204004669042965
test,naive_quantiles,8,17,19.728958669324577,23.300363864529338,7.462595025776561,13.901726852411052,0.8823529411764706,74.34158932715309,110.88147862576534,1.0162171172540233
test,naive_quantiles,9,17,18.701410865647098,21.433222117600128,7.054746861287205,13.102507732091006,0.8823529411764706,78.16594282252497,120.604521741874,1.0135296630833992
test,naive_quantiles,10,17,19.40570882378813,23.50702304113129,7.679325196078682,14.266243038897489,0.8823529411764706,83.14567891803927,129.78993346080222,1.0383263565541931
test,naive_quantiles,11,17,21.927511300449865,27.28834212781506,8.824067282598195,16.408012437261476,0.7647058823529411,86.91715810810696,143.08615987003847,1.0533136256220619
test,naive_quantiles,12,17,21.158001913785597,25.945583727532632,8.557439352886131,15.88507768736857,0.8235294117647058,90.38351725559394,149.62283324603146,1.0317423915276092
test,naive_quantiles,13,17,22.613684093451035,27.26540580238504,9.06889393896937,16.859603251701916,0.8823529411764706,96.33041817719152,148.51809293595426,1.061059947527442
test,naive_quantiles,14,17,24.624787353124155,30.088280178503865,9.786258076717063,18.164191723741062,0.8235294117647058,103.21871734665527,171.87944880854383,1.0920083083425347
test,naive_quantiles,15,17,23.577603384091997,28.840890339206734,9.665468071938175,17.928948573467554,0.7647058823529411,106.66231501860005,174.1763052859914,1.0686518717294475
test,naive_quantiles,16,17,25.647776278751106,30.149431656812375,10.149026719820355,18.802305349349528,0.7647058823529411,110.0992758927107,192.33816732366017,1.1164627473914137
test,naive_quantiles,17,17,26.84905283961336,33.41854784732971,10.757458303426946,19.871405773797317,0.8235294117647058,109.75728140865124,227.10600108554974,1.1461852701356716
test,naive_quantiles,18,17,26.136078746079097,32.507221718835844,10.667904091182129,19.719167989160304,0.7647058823529411,109.91759726529062,219.93991363429518,1.133568064811064
test,naive_quantiles,19,17,29.37426003958559,34.67173818680175,11.228951220279109,20.764400973671997,0.8235294117647058,114.47430005251005,228.242537943321,1.185683399831311
test,naive_quantiles,20,17,29.012623471029166,35.86975559296886,11.512155090202212,21.240198312050897,0.8235294117647058,112.17071501537794,253.15854373332326,1.1404596827698934
test,naive_quantiles,21,17,28.004334636270897,34.04961211680357,11.041696383017534,20.385497995760876,0.8235294117647058,115.61273766740287,237.4900527889749,1.1561360163597196
test,qrnn,1,17,5.9826780475761865,6.998672209130218,2.273721580251748,4.211351995783129,0.5294117647058824,11.263386554066551,43.48760267807625,1.0128015017804735
test,qrnn,2,17,11.894041759326305,13.995527483728875,4.748010738509937,8.766273358334999,0.35294117647058826,18.366126691954854,101.97881793355165,1.0112969386243231
test,qrnn,3,17,9.834217897757743,11.57625479827453,3.72972074822742,6.909431397609908,0.6470588235294118,21.953972079358056,70.81520960887659,0.9757876861138249
test,qrnn,4,17,10.586385555095243,13.469236926259768,4.297737897928225,7.937796097959678,0.7058823529411765,26.584825015032692,91.16236324157977,0.9993811330332028
test,qrnn,5,17,15.47401678098812,18.663365991820587,6.135561058622214,11.329258232011778,0.6470588235294118,30.791596143773692,131.32311174817124,1.0248890999212923
test,qrnn,6,17,13.792142456123443,16.175799169122364,5.374331502794384,9.954666977332984,0.5882352941176471,32.6398207419001,102.6251511905386,1.0079375021670474
test,qrnn,7,17,15.512903703502566,17.98583998124981,6.134372207835924,11.365422730399343,0.47058823529411764,34.27017804213125,115.95378579556636,1.001326510079142
test,qrnn,8,17,19.398217333954026,22.854715561759342,7.860888697216736,14.509747183558833,0.47058823529411764,39.09563048876504,170.3765364611858,0.9991809922349367
test,qrnn,9,17,18.479667298529044,21.058658794706464,7.258119444249076,13.420225552784254,0.47058823529411764,41.14898890770637,148.08055651559687,1.0015121910067384
test,qrnn,10,17,19.117052849581516,23.109928951847703,7.892110354455357,14.545807361326668,0.5294117647058824,41.54474617139505,179.68092485540433,1.0228814630583085
test,qrnn,11,17,21.275858577977385,26.8252145508864,9.027209967816878,16.631746310099405,0.5882352941176471,46.27451283859858,207.98105150106403,1.0220107257010895
test,qrnn,12,17,20.58111338235945,25.426834462610522,8.64760331043472,15.965211729050328,0.5882352941176471,50.961732882325464,186.0938243102552,1.0036111740580305
test,qrnn,13,17,22.11304001865987,26.82406764080454,9.101304215557118,16.8116638552691,0.5294117647058824,52.46012598260336,192.32566171576917,1.0375691543628873
test,qrnn,14,17,23.309394495389288,29.298636412332726,9.685468629651403,17.84652697701713,0.6470588235294118,54.272151270302714,222.3453677282162,1.0336760308376625
test,qrnn,15,17,22.80380456735368,28.291672942252124,9.48517754835588,17.480650414942232,0.6470588235294118,53.889861522840164,216.47477077357516,1.033579538872777
test,qrnn,16,17,24.388876262611788,29.35920702457015,9.907614950664216,18.27782417197201,0.7058823529411765,56.39644394452,218.65769371600106,1.0616620911694374
test,qrnn,17,17,25.59359022360291,32.57152710875449,10.364799392509529,19.08058105538865,0.7058823529411765,57.09166528400485,245.01511615178188,1.0925896082598803
test,qrnn,18,17,24.942245624385972,31.665351430413466,10.333219098469508,19.042031400684046,0.6470588235294118,59.41175876923135,236.43395456320744,1.0817894060989934
test,qrnn,19,17,27.347532633197005,33.093625163734934,10.926351411742997,20.147950038309173,0.6470588235294118,58.252714408216164,244.84705760101042,1.1038751419041435
test,qrnn,20,17,27.168738509362104,34.54991146130545,11.102855484442978,20.45768186980774,0.7058823529411765,60.07072349328487,255.09742025356863,1.0679782520386518
test,qrnn,21,17,25.821132292079326,32.64624175569881,10.579097231880707,19.49530664714534,0.7647058823529411,62.895896672577436,241.99123737119996,1.0660042958991418
test,ridge_direct,1,17,7.923672923938066,11.054677811571743,,,,,,1.3413905567312
test,ridge_direct,2,17,14.2963226464733,17.173765266290353,,,,,,1.2155520905774035
test,ridge_direct,3,17,12.432947347808545,15.22375726723039,,,,,,1.2336432902162218
test,ridge_direct,4,17,13.269164772138929,16.491688493949802,,,,,,1.2526421652952122
test,ridge_direct,5,17,15.884212283725807,21.157332137037404,,,,,,1.0520575401228767
test,ridge_direct,6,17,15.09148618481128,19.19999622987695,,,,,,1.1028942702338225
test,ridge_direct,7,17,16.126543538313765,21.637527026076548,,,,,,1.0409357183860501
test,ridge_direct,8,17,18.644213498556834,25.87975816984985,,,,,,0.9603430780374083
test,ridge_direct,9,17,17.25618066236415,22.848109505349036,,,,,,0.9352048943515384
test,ridge_direct,10,17,18.104573263925673,24.159863942654646,,,,,,0.9687074955518584
test,ridge_direct,11,17,19.526375910223102,26.594261071547656,,,,,,0.9379722816439467
test,ridge_direct,12,17,18.51898209950255,23.75122310560512,,,,,,0.9030540292913295
test,ridge_direct,13,17,18.06038844517144,23.250487268871662,,,,,,0.8474141027515509
test,ridge_direct,14,17,17.392034279343584,22.955436141691848,,,,,,0.7712653782414007
test,ridge_direct,15,17,16.454878331070812,21.8019746477572,,,,,,0.7458152654923181
test,ridge_direct,16,17,15.779892536105669,20.837692953809643,,,,,,0.6869079791918582
test,ridge_direct,17,17,15.242886529314497,20.57334987116257,,,,,,0.6507183742613291
test,ridge_direct,18,17,17.264565035345292,21.884117123465813,,,,,,0.7487947892664301
test,ridge_direct,19,17,19.70986404327066,24.529511440752493,,,,,,0.7955828871108396
test,ridge_direct,20,17,20.207314949512213,26.833979712824238,,,,,,0.794331061441736
test,ridge_direct,21,17,22.175120924414003,28.715827602510263,,,,,,0.9154817031304048
test,rnn,1,17,5.739080229246406,6.698742407515957,,,,,,0.9715630740608334
test,rnn,2,17,10.922147805414504,13.571565970384045,,,,,,0.9286611618087754
test,rnn,3,17,9.36918589493355,11.131805648777956,,,,,,0.9296454807323314
test,rnn,4,17,8.782853421900255,12.02350904265223,,,,,,0.8291232128626407
test,rnn,5,17,12.579192201407167,16.827713727186705,,,,,,0.8331564554639104
test,rnn,6,17,12.691734485417024,14.918410177646477,,,,,,0.9275190708111487
test,rnn,7,17,13.350352689387856,15.842684432004638,,,,,,0.8617382227269376
test,rnn,8,17,16.101439108731316,20.54942307158572,,,,,,0.8293675458987773
test,rnn,9,17,15.072929589365671,18.99196288682342,,,,,,0.8168828201326714
test,rnn,10,17,15.969353983938113,20.15803910656409,,,,,,0.8544599575945737
test,rnn,11,17,17.98620995214065,23.71332974716371,,,,,,0.8639886103034504
test,rnn,12,17,17.78597403878929,22.577883224651632,,,,,,0.8673098464213697
test,rnn,13,17,17.763860450441122,23.59385655124486,,,,,,0.8335006697510392
test,rnn,14,17,17.995248747829695,26.673102141725053,,,,,,0.798015465535685
test,rnn,15,17,18.51058589637788,26.002034129032445,,,,,,0.838989949178617
test,rnn,16,17,18.004959961294418,25.819316288437406,,,,,,0.7837664695209206
test,rnn,17,17,18.800157877905313,28.971847634021863,,,,,,0.8025781827240981
test,rnn,18,17,19.332453359306257,28.297568125563032,,,,,,0.8384827714772077
test,rnn,19,17,19.419975105423212,28.799106413693956,,,,,,0.7838816050721688
test,rnn,20,17,18.839425868954354,30.277595694733726,,,,,,0.7405605932717275
test,rnn,21,17,19.40104710901635,29.17843994256873,,,,,,0.800956337979693
validation,ar_1,1,17,4.169271456151957,5.880132199793167,,,,,,0.9846848396024351
validation,ar_1,2,17,6.773247490627398,8.524877064653923,,,,,,1.0894617025325553
validation,ar_1,3,17,8.869388991697198,12.492219862968739,,,,,,1.0537396943102406
validation,ar_1,4,17,10.919415695041849,16.894003268964624,,,,,,1.0456853696243322
validation,ar_1,5,17,12.981035111783203,17.565554650117864,,,,,,1.099703976181365
validation,ar_1,6,17,14.707582380203723,21.456513361007165,,,,,,1.0388436947958422
validation,ar_1,7,17,16.492891232083366,24.68049002390067,,,,,,1.0334653554936133
validation,ar_1,8,17,16.01371331371747,23.161505587368662,,,,,,1.1274927576442204
validation,ar_1,9,17,17.914364242494365,24.360690569881555,,,,,,1.1704234900937902
validation,ar_1,10,17,19.079375498511823,25.38102558341776,,,,,,1.1571095696717955
validation,ar_1,11,17,18.985133628571173,26.39951348588959,,,,,,1.2279696826302549
validation,ar_1,12,17,20.396982788515142,27.617987518871924,,,,,,1.19646909149014
validation,ar_1,13,17,21.525241181700718,29.32402694478927,,,,,,1.1441362601660636
validation,ar_1,14,17,21.96694020852243,31.450963193698293,,,,,,1.1752572259476988
validation,ar_1,15,17,22.210627791260354,31.990213371820573,,,,,,1.2279844947685246
validation,ar_1,16,17,23.06678047806016,33.417184440194646,,,,,,1.1541537206469943
validation,ar_1,17,17,22.016308567545202,33.765259490437764,,,,,,1.1104831641593533
validation,ar_1,18,17,22.454533978931096,33.82290544873208,,,,,,1.2317352703747175
validation,ar_1,19,17,23.703049069685438,35.505519014926826,,,,,,1.1709631354895167
validation,ar_1,20,17,24.355384765816282,35.94434652859679,,,,,,1.2013391586214328
validation,ar_1,21,17,26.45142598142446,37.07493958020425,,,,,,1.2986981709291432
validation,ar_12,1,17,4.285992218267098,5.394813976677378,,,,,,1.012251565859137
validation,ar_12,2,17,5.858242001578209,8.043099304550646,,,,,,0.9422851171050199
validation,ar_12,3,17,8.506814166745293,12.260762398679898,,,,,,1.0106635043306307
validation,ar_12,4,17,11.28347092636662,17.106361155768106,,,,,,1.08054870295309
validation,ar_12,5,17,13.165042568706369,18.208032047005428,,,,,,1.115292388837436
validation,ar_12,6,17,15.377721537937319,22.19487383569867,,,,,,1.0861777719167958
validation,ar_12,7,17,17.284978705188554,25.109383841279392,,,,,,1.0830985550615757
validation,ar_12,8,17,17.44349272607544,23.816149226757844,,,,,,1.2281605978185237
validation,ar_12,9,17,18.995758392512467,25.0664915042799,,,,,,1.2410756828313296
validation,ar_12,10,17,19.68282885261587,25.75994399413035,,,,,,1.193707290123327
validation,ar_12,11,17,20.816615937508143,26.88222171516228,,,,,,1.346431042642158
validation,ar_12,12,17,22.250736305803617,28.39395205202099,,,,,,1.3052086442795676
validation,ar_12,13,17,23.077091975341645,29.992857642032295,,,,,,1.2266221542094484
validation,ar_12,14,17,25.8686746013084,33.105250712787786,,,,,,1.384004620683691
validation,ar_12,15,17,27.264487103583466,34.25843658354435,,,,,,1.5074030205571707
validation,ar_12,16,17,27.678457690534263,35.69507417210266,,,,,,1.3849004613229412
validation,ar_12,17,17,28.20973989646514,36.573214501690444,,,,,,1.4228743717063477
validation,ar_12,18,17,29.448757753589643,37.12729349999589,,,,,,1.6154008641574136
validation,ar_12,19,17,30.174044389452508,38.76162410936074,,,,,,1.4906391799973633
validation,ar_12,20,17,32.04301845251776,39.870514716206834,,,,,,1.580534785123464
validation,ar_12,21,17,33.942105229364394,41.479649348588644,,,,,,1.666471592488649
validation,ar_3,1,17,3.8309330348050734,5.011833037727957,,,,,,0.9047771824352078
validation,ar_3,2,17,6.522247809954187,8.160068784492823,,,,,,1.0490889655522868
validation,ar_3,3,17,8.590947246769682,12.40213567738641,,,,,,1.020659048117161
validation,ar_3,4,17,10.989351555099796,17.126074225336815,,,,,,1.0523826973676011
validation,ar_3,5,17,13.262265993406064,18.422890066506085,,,,,,1.1235287879997164
validation,ar_3,6,17,15.741183582665583,22.40496336038056,,,,,,1.1118502613649448
validation,ar_3,7,17,17.815188138404814,25.643737362854406,,,,,,1.1163221465273936
validation,ar_3,8,17,18.74190732222598,24.74859115787957,,,,,,1.3195793103244635
validation,ar_3,9,17,19.71751445010659,26.163719801065078,,,,,,1.2882311516211071
validation,ar_3,10,17,20.913685916338324,27.44409160357728,,,,,,1.2683552516062628
validation,ar_3,11,17,22.574792376609643,28.905964540674493,,,,,,1.4601509355947337
validation,ar_3,12,17,24.114682523882728,30.373654216094923,,,,,,1.4145460919430193
validation,ar_3,13,17,24.82519517853638,32.02108500407019,,,,,,1.3195394992187048
validation,ar_3,14,17,27.04517321176848,34.600484249321454,,,,,,1.4469486848153081
validation,ar_3,15,17,28.24079646614395,35.43223866893738,,,,,,1.5613813578913982
validation,ar_3,16,17,28.503338146380276,36.756166036118515,,,,,,1.4261736181082667
validation,ar_3,17,17,28.793369898226917,37.555610877212004,,,,,,1.452312153660864
validation,ar_3,18,17,29.88883372103414,37.92073595862071,,,,,,1.639541070819207
validation,ar_3,19,17,30.53644270402182,39.42372114157985,,,,,,1.5085421538078896
validation,ar_3,20,17,32.252659636626156,40.461904097176514,,,,,,1.5908754209274472
validation,ar_3,21,17,34.05186417586965,41.95205922363656,,,,,,1.6718604793928784
validation,ar_6,1,17,3.939455157508698,5.024824225809674,,,,,,0.9304075809620432
validation,ar_6,2,17,5.92161502628156,7.925415144250139,,,,,,0.9524785263202434
validation,ar_6,3,17,8.421775660299486,12.34357692671423,,,,,,1.0005603901397109
validation,ar_6,4,17,11.416692158000362,17.493370438400788,,,,,,1.0933064820076959
validation,ar_6,5,17,13.583467350064613,18.74323283294851,,,,,,1.1507397466043676
validation,ar_6,6,17,15.82583033856824,22.675875638120555,,,,,,1.1178291331047867
validation,ar_6,7,17,17.743726167554392,25.845196674648797,,,,,,1.1118442493491512
validation,ar_6,8,17,18.201792416653536,24.812439357274283,,,,,,1.2815509260016986
validation,ar_6,9,17,19.3496255203264,26.0654866364672,,,,,,1.2641953645101798
validation,ar_6,10,17,20.362885812549713,27.26263660071534,,,,,,1.2349508002331173
validation,ar_6,11,17,21.07604450829373,28.432212795343162,,,,,,1.3632110361868637
validation,ar_6,12,17,22.47315123438653,29.68543700515893,,,,,,1.318255308597257
validation,ar_6,13,17,23.306962926812837,31.356430843723732,,,,,,1.2388405395235536
validation,ar_6,14,17,24.893466623693538,33.759324906613664,,,,,,1.3318298429670814
validation,ar_6,15,17,25.93856938587418,34.43912317568178,,,,,,1.4340954844538214
validation,ar_6,16,17,26.33460041601247,35.80350408849738,,,,,,1.3176601338362728
validation,ar_6,17,17,25.420970103956396,36.38139345398432,,,,,,1.2822112858036399
validation,ar_6,18,17,26.68803861273411,36.60913112833183,,,,,,1.4639626227500886
validation,ar_6,19,17,27.40315416707256,38.16363592891138,,,,,,1.3537534024184399
validation,ar_6,20,17,28.65846056530701,38.85467349756637,,,,,,1.413590104773594
validation,ar_6,21,17,29.865996077098984,40.06646468180604,,,,,,1.4663449337492642
validation,arima_011,1,17,3.9088479405483088,4.878098507864219,,,,,,0.9231788689819569
validation,arima_011,2,17,5.90801857075774,7.730513140370312,,,,,,0.9502915668737022
validation,arima_011,3,17,8.487185031407508,11.557134013354762,,,,,,1.00833143849275
validation,arima_011,4,17,10.517636979984232,15.901146202227217,,,,,,1.0072094899714508
validation,arima_011,5,17,12.266475168236802,16.158372200433398,,,,,,1.039169172572012
validation,arima_011,6,17,14.476962454825491,19.89437561166984,,,,,,1.0225542701181376
validation,arima_011,7,17,16.127667814799054,22.943844653207037,,,,,,1.0105799957669885
validation,arima_011,8,17,14.70811757383997,20.55541182228765,,,,,,1.035568435515757
validation,arima_011,9,17,15.624797453064723,21.483526798296907,,,,,,1.0208361133823993
validation,arima_011,10,17,16.677275631599958,22.429152311170505,,,,,,1.0114290811501527
validation,arima_011,11,17,15.880946359764213,22.736619225829052,,,,,,1.0271890123501564
validation,arima_011,12,17,17.78170804189802,23.657267950190892,,,,,,1.0430593723897257
validation,arima_011,13,17,19.007173274632418,25.370219161383282,,,,,,1.0102927982639247
validation,arima_011,14,17,18.999070385133553,27.18841691724485,,,,,,1.0164726877962877
validation,arima_011,15,17,18.671463908291038,27.665783218333623,,,,,,1.032310675299036
validation,arima_011,16,17,20.217595081846383,29.222546766999876,,,,,,1.0115938203184263
validation,arima_011,17,17,20.033583109051875,28.98077848646267,,,,,,1.0104762427423508
validation,arima_011,18,17,18.967512438845052,28.96642460153594,,,,,,1.0404559758006064
validation,arima_011,19,17,21.061424791346525,30.889324864315448,,,,,,1.0404632728492704
validation,arima_011,20,17,21.2927181171245,30.414024629142776,,,,,,1.0502718931992354
validation,arima_011,21,17,21.653436200906977,30.97132326389167,,,,,,1.0631289975896567
validation,arima_110,1,17,3.7826186735035443,4.765879378022037,,,,,,0.8933664552592423
validation,arima_110,2,17,5.73709333264314,7.578954849784567,,,,,,0.9227986247983101
validation,arima_110,3,17,8.274238916908496,11.368935356267064,,,,,,0.9830320888073547
validation,arima_110,4,17,10.443338691843758,15.750081587545228,,,,,,1.000094399286525
validation,arima_110,5,17,12.387462537669531,16.137780761072502,,,,,,1.049418762846375
validation,arima_110,6,17,14.53247385031724,19.885251810407826,,,,,,1.0264752179466223
validation,arima_110,7,17,15.966629069218795,22.913029316441378,,,,,,1.0004891049639497
validation,arima_110,8,17,14.50702526520252,20.47763134481627,,,,,,1.0214099379103039
validation,arima_110,9,17,15.448413593437117,21.40099016517268,,,,,,1.0093121871192583
validation,arima_110,10,17,16.4738790904559,22.363640725410985,,,,,,0.9990936625084738
validation,arima_110,11,17,15.700842970391383,22.647506720550407,,,,,,1.0155398185011357
validation,arima_110,12,17,17.67046427682381,23.55798902010117,,,,,,1.0365339108588552
validation,arima_110,13,17,18.935478130916888,25.24009170830933,,,,,,1.0064819692511242
validation,arima_110,14,17,18.85625722802037,27.074330409141968,,,,,,1.0088320153464871
validation,arima_110,15,17,18.633774096136783,27.578833250778775,,,,,,1.0302268753555524
validation,arima_110,16,17,20.109996298884845,29.13047316752045,,,,,,1.0062100808836896
validation,arima_110,17,17,19.84653750302829,28.864844267111742,,,,,,1.0010418275322839
validation,arima_110,18,17,18.850148615593973,28.851721927019536,,,,,,1.034018026088534
validation,arima_110,19,17,20.94336462808804,30.76050474647887,,,,,,1.0346309388512631
validation,arima_110,20,17,21.10389559143445,30.302499350317788,,,,,,1.0409581461029616
validation,arima_110,21,17,21.463629492375738,30.847186724253767,,,,,,1.053809967856715
validation,arima_111,1,17,3.8515303382047366,4.831324814250471,,,,,,0.9096417859055367
validation,arima_111,2,17,5.823096183156076,7.695294617672355,,,,,,0.9366319908567821
validation,arima_111,3,17,8.425405678036451,11.51743289980799,,,,,,1.0009916592817083
validation,arima_111,4,17,10.538847573319053,15.873152039460695,,,,,,1.0092406982110405
validation,arima_111,5,17,12.328374961827208,16.1636408837326,,,,,,1.0444130879108116
validation,arima_111,6,17,14.52307889580104,19.89870242270159,,,,,,1.025811622189703
validation,arima_111,7,17,16.072222506943003,22.93499072704374,,,,,,1.0071057228825326
validation,arima_111,8,17,14.633895644165149,20.51672411860976,,,,,,1.0303426214570617
validation,arima_111,9,17,15.55672744027737,21.445524662955275,,,,,,1.0163888027852241
validation,arima_111,10,17,16.602121978773756,22.400528543439673,,,,,,1.0068712269956615
validation,arima_111,11,17,15.810604188157386,22.704149624361392,,,,,,1.0226392390468193
validation,arima_111,12,17,17.727779092036137,23.61491100384095,,,,,,1.0398959475677663
validation,arima_111,13,17,18.97165030615848,25.313207512565423,,,,,,1.0084046374783295
validation,arima_111,14,17,18.946260562610235,27.140027878092937,,,,,,1.0136472999665587
validation,arima_111,15,17,18.647598472118304,27.63117445117465,,,,,,1.0309911995121996
validation,arima_111,16,17,20.16602203628969,29.189064161253196,,,,,,1.009013346529682
validation,arima_111,17,17,19.952261418945046,28.939327717147723,,,,,,1.0063744484988897
validation,arima_111,18,17,18.91367675268437,28.928128875413645,,,,,,1.0375028388746228
validation,arima_111,19,17,21.00726523593428,30.84404019613965,,,,,,1.037787716525871
validation,arima_111,20,17,21.218647288841208,30.373812793688312,,,,,,1.0466183197745553
validation,arima_111,21,17,21.578942154349406,30.92616387853034,,,,,,1.0594715281557832
validation,cnn,1,17,4.039189217481171,5.455898231441938,,,,,,0.953962443695192
validation,cnn,2,17,5.870878278284085,7.68467083692795,,,,,,0.9443176339372642
validation,cnn,3,17,8.05504410727405,10.761125300947917,,,,,,0.9569903544877966
validation,cnn,4,17,10.635851168531557,15.462321989441522,,,,,,1.0185301366890294
validation,cnn,5,17,11.564995935470717,14.7979449377575,,,,,,0.9797425170827838
validation,cnn,6,17,13.878483556376207,18.145982863581775,,,,,,0.9802817868472474
validation,cnn,7,17,16.251414912880236,22.31631381259204,,,,,,1.0183341449279915
validation,cnn,8,17,13.946447796189627,19.37992199774338,,,,,,0.9819408264039085
validation,cnn,9,17,15.039906709997103,20.305467259337608,,,,,,0.9826226520751374
validation,cnn,10,17,16.506930607239855,21.473502017040282,,,,,,1.001098142496085
validation,cnn,11,17,16.07644073333798,22.068770888719744,,,,,,1.039833704169028
validation,cnn,12,17,17.96011578969296,22.72620088088696,,,,,,1.0535246141429915
validation,cnn,13,17,19.974360129681386,25.158860550068525,,,,,,1.061701911029558
validation,cnn,14,17,19.477565467575406,26.352641106367773,,,,,,1.0420727394139477
validation,cnn,15,17,18.968333192173198,27.51018584065546,,,,,,1.0487240284471977
validation,cnn,16,17,20.319857533971756,27.743726998131756,,,,,,1.016710554737226
validation,cnn,17,17,20.785245478907058,28.788094713869487,,,,,,1.0483894289740683
validation,cnn,18,17,18.802887837106816,27.586538945454276,,,,,,1.0314255533245649
validation,cnn,19,17,20.3807761998506,28.677271980539835,,,,,,1.006838298841858
validation,cnn,20,17,21.2972390091105,28.423078025090188,,,,,,1.0504948880164762
validation,cnn,21,17,22.735417353456082,31.20741758066521,,,,,,1.1162515379314177
validation,drift,1,17,4.241202871366528,5.584541519540684,,,,,,1.0016733650073768
validation,drift,2,17,6.291731746043889,7.970055638765945,,,,,,1.0120109724926305
validation,drift,3,17,8.462711181168638,11.602492386562117,,,,,,1.0054237897817233
validation,drift,4,17,10.463216009410313,15.761012812692082,,,,,,1.0019979278953095
validation,drift,5,17,11.943251635050975,15.827030925223148,,,,,,1.0117869028547695
validation,drift,6,17,14.308361543831726,19.448507475185345,,,,,,1.0106454472541937
validation,drift,7,17,16.134657095254664,22.497042505391384,,,,,,1.011017952891004
validation,drift,8,17,14.524567908998742,20.141491809691615,,,,,,1.0226450795319058
validation,drift,9,17,15.574203548900227,21.0225514667645,,,,,,1.0175305931256875
validation,drift,10,17,16.77576166752432,21.92365141842019,,,,,,1.0174019776244638
validation,drift,11,17,15.892979283226904,22.213279755555384,,,,,,1.0279673089634263
validation,drift,12,17,17.674019016113608,23.052805513656843,,,,,,1.0367424287427327
validation,drift,13,17,19.153609178987317,24.791986603447587,,,,,,1.0180763406896924
validation,drift,14,17,19.08721109525887,26.26828470361334,,,,,,1.0211883198092864
validation,drift,15,17,18.41847352489643,26.56672184632273,,,,,,1.0183233053312062
validation,drift,16,17,20.284208287416075,28.118674972145726,,,,,,1.0149268333119652
validation,drift,17,17,20.142853658320757,27.754397792307397,,,,,,1.0159877527636272
validation,drift,18,17,18.82983209542194,27.59017067768728,,,,,,1.032903570785625
validation,drift,19,17,20.87550904189963,29.44140048010761,,,,,,1.0312787798218461
validation,drift,20,17,20.940009517789086,28.84580331735329,,,,,,1.0328743995427665
validation,drift,21,17,21.126703765304836,29.358198400731144,,,,,,1.037267766094389
validation,ensemble_all,1,17,5.360661084321254,6.0243390524359794,,,,,,1.2660633291672874
validation,ensemble_all,2,17,6.488250713803709,8.401781027939851,,,,,,1.043620608710976
validation,ensemble_all,3,17,9.036849642922348,11.943368554522598,,,,,,1.0736350823235716
validation,ensemble_all,4,17,11.288489996115965,16.29242220534691,,,,,,1.0810293484338183
validation,ensemble_all,5,17,12.711618670948223,16.342931463837868,,,,,,1.076880038900283
validation,ensemble_all,6,17,14.970819905599402,19.79108052839569,,,,,,1.0574370051320834
validation,ensemble_all,7,17,16.783071386133027,22.833801255888154,,,,,,1.051648409746633
validation,ensemble_all,8,17,14.869966777897556,20.493796241611815,,,,,,1.0469639064993104
validation,ensemble_all,9,17,15.781507905436747,21.353771869765286,,,,,,1.031074690209165
validation,ensemble_all,10,17,16.894944630451437,22.337779710447602,,,,,,1.0246300835420585
validation,ensemble_all,11,17,16.00642565022184,22.32578887009371,,,,,,1.0353050871429108
validation,ensemble_all,12,17,17.35299451357865,22.70348692667935,,,,,,1.0179114134461789
validation,ensemble_all,13,17,18.775909499428632,24.3161063065536,,,,,,0.998000379858946
validation,ensemble_all,14,17,18.75140528426387,25.45685701144282,,,,,,1.0032223126120718
validation,ensemble_all,15,17,17.291125141914947,25.542579847836542,,,,,,0.9559943001579096
validation,ensemble_all,16,17,19.026666038404798,26.965252400334037,,,,,,0.9520053056654155
validation,ensemble_all,17,17,18.6004200161372,26.45121230597048,,,,,,0.9381887617918716
validation,ensemble_all,18,17,17.041287171363518,26.228879658223157,,,,,,0.9347935914077631
validation,ensemble_all,19,17,18.87072799762027,27.835375043176573,,,,,,0.9322398464475898
validation,ensemble_all,20,17,18.81957412603235,26.946567808690123,,,,,,0.928283070194545
validation,ensemble_all,21,17,19.74956605139412,27.066397984563416,,,,,,0.9696537844727798
validation,ensemble_without_ets_log,1,17,5.796814259383736,6.516463128597053,,,,,,1.3690725536193877
validation,ensemble_without_ets_log,2,17,6.920948677525125,8.708452658546124,,,,,,1.1132191079376206
validation,ensemble_without_ets_log,3,17,9.370270827161663,12.258229398073778,,,,,,1.113247634787534
validation,ensemble_without_ets_log,4,17,11.971250196497776,16.660672948511966,,,,,,1.1464130990336987
validation,ensemble_without_ets_log,5,17,12.847896062323123,16.692761658098643,,,,,,1.0884249417426277
validation,ensemble_without_ets_log,6,17,15.671402437580426,20.171475954654284,,,,,,1.1069213953750507
validation,ensemble_without_ets_log,7,17,17.5134459281324,23.30613507900163,,,,,,1.0974145992563613
validation,ensemble_without_ets_log,8,17,15.617616298558266,21.196073800202623,,,,,,1.099604378030609
validation,ensemble_without_ets_log,9,17,16.40076778569716,22.070190385932886,,,,,,1.0715336370363249
validation,ensemble_without_ets_log,10,17,17.675748970124715,23.0931729419054,,,,,,1.0719836341626063
validation,ensemble_without_ets_log,11,17,16.787563339126645,23.092506571385677,,,,,,1.0858295353085756
validation,ensemble_without_ets_log,12,17,17.72440277739018,23.349314604400906,,,,,,1.039697895916749
validation,ensemble_without_ets_log,13,17,19.116024697164857,24.99519193223223,,,,,,1.016078603795149
validation,ensemble_without_ets_log,14,17,19.241188894309524,26.04848405687049,,,,,,1.0294263137789517
validation,ensemble_without_ets_log,15,17,17.696055907347567,26.00662890732291,,,,,,0.9783821725800331
validation,ensemble_without_ets_log,16,17,19.259751958153434,27.33562400560256,,,,,,0.9636678340258076
validation,ensemble_without_ets_log,17,17,18.62465518879059,26.777522824812976,,,,,,0.9394111625013057
validation,ensemble_without_ets_log,18,17,17.70134772278485,26.578960868327872,,,,,,0.9710009721768981
validation,ensemble_without_ets_log,19,17,19.125158081046305,28.11533738397248,,,,,,0.944809041548841
validation,ensemble_without_ets_log,20,17,19.059381738438802,27.174444748618857,,,,,,0.9401116772188006
validation,ensemble_without_ets_log,21,17,20.14892140675047,27.14584585688737,,,,,,0.9892611232195178
validation,ensemble_without_mr_120_12,1,17,5.933566002235936,6.570734585179938,,,,,,1.4013701311199072
validation,ensemble_without_mr_120_12,2,17,7.172642960637821,9.102862735276613,,,,,,1.153703570165985
validation,ensemble_without_mr_120_12,3,17,9.697134329702878,12.754496496329551,,,,,,1.152081093052966
validation,ensemble_without_mr_120_12,4,17,12.527505416174439,17.28281297965486,,,,,,1.1996822446764617
validation,ensemble_without_mr_120_12,5,17,13.65824133919217,17.50471215388959,,,,,,1.1570743148764984
validation,ensemble_without_mr_120_12,6,17,16.125228797477376,21.13922873550286,,,,,,1.1389766061040194
validation,ensemble_without_mr_120_12,7,17,18.02946199208589,24.350425115092648,,,,,,1.1297488163120537
validation,ensemble_without_mr_120_12,8,17,16.334966629806004,22.06436718962594,,,,,,1.1501115456893853
validation,ensemble_without_mr_120_12,9,17,17.246447824756736,23.105722924225798,,,,,,1.1267855996190028
validation,ensemble_without_mr_120_12,10,17,18.698900820228904,24.25828911135284,,,,,,1.1340348683382375
validation,ensemble_without_mr_120_12,11,17,18.047105922383867,24.26333263609156,,,,,,1.167297495265098
validation,ensemble_without_mr_120_12,12,17,18.640004160832348,24.731481879673254,,,,,,1.0934062687076012
validation,ensemble_without_mr_120_12,13,17,20.525071586044625,26.511112418337543,,,,,,1.0909740079503443
validation,ensemble_without_mr_120_12,14,17,20.89257417789983,27.720267399674963,,,,,,1.1177773753715095
validation,ensemble_without_mr_120_12,15,17,20.103844763421527,27.973951997967344,,,,,,1.1115043611882591
validation,ensemble_without_mr_120_12,16,17,21.935716476350645,29.615988638713674,,,,,,1.0975605724569137
validation,ensemble_without_mr_120_12,17,17,21.236111325205222,29.18478063507901,,,,,,1.07113070415526
validation,ensemble_without_mr_120_12,18,17,20.066718476292777,29.149071778408743,,,,,,1.1007525220127692
validation,ensemble_without_mr_120_12,19,17,21.60934521421665,30.975687587598635,,,,,,1.0675312932746805
validation,ensemble_without_mr_120_12,20,17,21.445792343342383,30.087282094291407,,,,,,1.0578223410324112
validation,ensemble_without_mr_120_12,21,17,22.47080588827948,30.138983476151264,,,,,,1.1032597836844797
validation,ensemble_without_naive,1,17,5.742450073212654,6.371669094393086,,,,,,1.3562329986748423
validation,ensemble_without_naive,2,17,6.826574056951421,8.703491141808096,,,,,,1.098039161398185
validation,ensemble_without_naive,3,17,9.24344658271999,12.196288585906505,,,,,,1.0981801097647619
validation,ensemble_without_naive,4,17,11.667685398634486,16.600946599645365,,,,,,1.1173425629607159
validation,ensemble_without_naive,5,17,13.014119012244691,16.68211166435671,,,,,,1.102506718533711
validation,ensemble_without_naive,6,17,15.241877521191357,20.104364035956362,,,,,,1.0765826735094444
validation,ensemble_without_naive,7,17,17.057820671706782,23.163625474007727,,,,,,1.068864546328844
validation,ensemble_without_naive,8,17,15.142112566608505,20.87478966272538,,,,,,1.0661251341161508
validation,ensemble_without_naive,9,17,15.964755638621545,21.75662635078889,,,,,,1.043047063245835
validation,ensemble_without_naive,10,17,17.196121571843083,22.76772923660109,,,,,,1.0428956038719004
validation,ensemble_without_naive,11,17,16.47190086696245,22.708691154245322,,,,,,1.0654122997312392
validation,ensemble_without_naive,12,17,17.45477699849702,22.97337072574765,,,,,,1.023881884594905
validation,ensemble_without_naive,13,17,18.846898940414647,24.550901632735776,,,,,,1.001773698486849
validation,ensemble_without_naive,14,17,18.922854104508687,25.64552563433057,,,,,,1.0123950268344537
validation,ensemble_without_naive,15,17,17.150463124127093,25.690577154631256,,,,,,0.9482173575847552
validation,ensemble_without_naive,16,17,18.78928020806915,27.06600877560172,,,,,,0.9401276299069213
validation,ensemble_without_naive,17,17,18.19193257053587,26.5551993099537,,,,,,0.9175850157224952
validation,ensemble_without_naive,18,17,16.98270263878585,26.340095729079252,,,,,,0.9315799582438756
validation,ensemble_without_naive,19,17,18.61508831055252,27.866729200934156,,,,,,0.9196108952673278
validation,ensemble_without_naive,20,17,18.551392952356863,26.949629083204016,,,,,,0.915054925838
validation,ensemble_without_naive,21,17,19.6039312057804,26.981255951228274,,,,,,0.962503481583442
validation,ensemble_without_ridge_direct,1,17,3.9921245402193315,5.292071654082482,,,,,,0.942846862791451
validation,ensemble_without_ridge_direct,2,17,6.030997145636682,7.642997296570269,,,,,,0.9700723954567472
validation,ensemble_without_ridge_direct,3,17,8.08482064627587,11.002050994589874,,,,,,0.9605279962729035
validation,ensemble_without_ridge_direct,4,17,9.821356113435016,14.969349978066093,,,,,,0.9405309482221456
validation,ensemble_without_ridge_direct,5,17,11.65915669958285,14.88862251354413,,,,,,0.9877194592759678
validation,ensemble_without_ridge_direct,6,17,13.115338787598402,18.127188314603224,,,,,,0.9263784252500118
validation,ensemble_without_ridge_direct,7,17,14.531556952607033,20.872686649464974,,,,,,0.9105656770892725
validation,ensemble_without_ridge_direct,8,17,12.793947355576815,18.26923755867157,,,,,,0.9007956307509045
validation,ensemble_without_ridge_direct,9,17,14.124141742146426,18.921025823886513,,,,,,0.9227917356513807
validation,ensemble_without_ridge_direct,10,17,14.984983329096735,19.640978847925947,,,,,,0.9087963918327727
validation,ensemble_without_ridge_direct,11,17,13.989877480745854,19.694101005780244,,,,,,0.9048735577090875
validation,ensemble_without_ridge_direct,12,17,15.78849921340435,20.264510687441668,,,,,,0.9261394935574133
validation,ensemble_without_ridge_direct,13,17,17.035447974632497,21.689790231512184,,,,,,0.9054892147977126
validation,ensemble_without_ridge_direct,14,17,16.689277577550282,22.923996057543924,,,,,,0.8928960466352629
validation,ensemble_without_ridge_direct,15,17,15.378640825260758,23.045014304454043,,,,,,0.8502565826376768
validation,ensemble_without_ridge_direct,16,17,16.842246236194452,24.37204509434681,,,,,,0.8427071639254348
validation,ensemble_without_ridge_direct,17,17,16.45073588179286,23.856978930792923,,,,,,0.8297605921863239
validation,ensemble_without_ridge_direct,18,17,15.220995685874811,23.423738495759245,,,,,,0.8349421659832591
validation,ensemble_without_ridge_direct,19,17,17.07930721346966,24.931880480859874,,,,,,0.8437412025717315
validation,ensemble_without_ridge_direct,20,17,17.277925435441873,24.198209150721137,,,,,,0.852240627890648
validation,ensemble_without_ridge_direct,21,17,17.52611389982954,24.72248399402689,,,,,,0.8604879026631109
validation,ets_log,1,17,4.078022106589972,4.970311618251893,,,,,,0.9631338679081626
validation,ets_log,2,17,6.166929146730856,7.932599809433367,,,,,,0.9919367536609381
validation,ets_log,3,17,8.565729105392617,11.443886846509182,,,,,,1.0176629728959008
validation,ets_log,4,17,11.05051272383103,15.663285691134117,,,,,,1.0582397268202317
validation,ets_log,5,17,12.651389352222258,15.98186649669115,,,,,,1.07177763984541
validation,ets_log,6,17,14.406849765436615,19.42559455446431,,,,,,1.0176019860911685
validation,ets_log,7,17,15.652337357558121,22.23137915714647,,,,,,0.9807951901160639
validation,ets_log,8,17,13.192695482704794,19.39682906476529,,,,,,0.9288706697286457
validation,ets_log,9,17,14.91706784639734,20.30001450781047,,,,,,0.9745970537615479
validation,ets_log,10,17,15.69742413818603,21.15416693645477,,,,,,0.9520038897975902
validation,ets_log,11,17,14.735958838824315,21.15369923252975,,,,,,0.9531305416429378
validation,ets_log,12,17,16.697704953693393,21.967115280995312,,,,,,0.9794727035395179
validation,ets_log,13,17,18.511835600412233,23.493674102467665,,,,,,0.9839639971453833
validation,ets_log,14,17,17.68042567526257,24.94029117968632,,,,,,0.9459236395891855
validation,ets_log,15,17,17.082074265771396,25.488892590752897,,,,,,0.9444362642061718
validation,ets_log,16,17,18.986151655839596,27.168059475067583,,,,,,0.9499781556077029
validation,ets_log,17,17,19.085733078446417,26.8407538807263,,,,,,0.9626675241324149
validation,ets_log,18,17,17.78728022541197,26.587689146147685,,,,,,0.9757147682617648
validation,ets_log,19,17,19.432448416325784,28.337083116995743,,,,,,0.9599896055955431
validation,ets_log,20,17,19.588836229821293,27.681090224917124,,,,,,0.9662272331552647
validation,ets_log,21,17,19.80906366844786,28.30070858123471,,,,,,0.9725749671151296
validation,hgb_direct,1,17,3.2753294235603874,4.24000624398351,,,,,,0.7735565462701667
validation,hgb_direct,2,17,6.47413095562382,8.613756300446399,,,,,,1.041349477203188
validation,hgb_direct,3,17,10.21560785024847,14.69563350645224,,,,,,1.2136790373486892
validation,hgb_direct,4,17,13.390326436889547,20.891570290854414,,,,,,1.2823093140329107
validation,hgb_direct,5,17,15.565859162469705,20.57066405363749,,,,,,1.3186804493047541
validation,hgb_direct,6,17,17.122312210413956,22.610595725503387,,,,,,1.209403804125965
validation,hgb_direct,7,17,19.332856306837776,25.972056977636257,,,,,,1.2114211471295329
validation,hgb_direct,8,17,18.36124864284474,24.534703727396185,,,,,,1.2927779123146017
validation,hgb_direct,9,17,20.758442794433382,26.81139730434364,,,,,,1.3562395369153248
validation,hgb_direct,10,17,21.293317422088954,27.27664882894154,,,,,,1.2913788169366496
validation,hgb_direct,11,17,19.668998218358208,27.02555618869524,,,,,,1.2722024491575905
validation,hgb_direct,12,17,19.3398021019354,27.52046349568859,,,,,,1.134455801155591
validation,hgb_direct,13,17,22.744587160535925,30.20019164919161,,,,,,1.2089484467658151
validation,hgb_direct,14,17,24.495878662493727,33.654728673161394,,,,,,1.310558417820278
validation,hgb_direct,15,17,24.43414906986756,33.26721210183946,,,,,,1.3509188701305725
validation,hgb_direct,16,17,25.67006295056269,35.896486365679316,,,,,,1.2844097897326519
validation,hgb_direct,17,17,25.739279201666115,35.87939717641321,,,,,,1.2982665156311535
validation,hgb_direct,18,17,26.38653793896325,36.425411268807075,,,,,,1.4474239132728062
validation,hgb_direct,19,17,27.42849673339568,36.67233512910761,,,,,,1.3550053599550347
validation,hgb_direct,20,17,27.455522951342218,37.382860117072745,,,,,,1.3542547226833532
validation,hgb_direct,21,17,30.035242650429836,39.48113993205555,,,,,,1.4746545128008872
validation,lstm,1,17,4.242813969061136,5.759389952950655,,,,,,1.002053868769649
validation,lstm,2,17,6.236196817131213,7.920671073868134,,,,,,1.0030783034462165
validation,lstm,3,17,8.106445181077472,11.325544857183585,,,,,,0.9630971282292052
validation,lstm,4,17,9.910354593494313,15.137628944786902,,,,,,0.949053785992583
validation,lstm,5,17,11.750955354685576,15.780784943608234,,,,,,0.9954962925681707
validation,lstm,6,17,14.214539372221909,19.401166402334233,,,,,,1.0040184864873376
validation,lstm,7,17,16.31980099594088,23.90212076605884,,,,,,1.0226193030998711
validation,lstm,8,17,14.697165435229474,20.402112132720482,,,,,,1.0347973178666436
validation,lstm,9,17,15.274675153696288,20.57011476943619,,,,,,0.9979610976665523
validation,lstm,10,17,16.63906849886076,21.092454428507214,,,,,,1.0091119277964857
validation,lstm,11,17,16.38407240287241,22.622020012126946,,,,,,1.0597315026778942
validation,lstm,12,17,18.384927087594637,23.8199637763342,,,,,,1.0784436716783714
validation,lstm,13,17,19.21391279644316,24.84815389194078,,,,,,1.0212816731999304
validation,lstm,14,17,19.119744578324077,26.592600369774047,,,,,,1.0229288995484165
validation,lstm,15,17,19.57931621914491,27.324726015272343,,,,,,1.0825041489705458
validation,lstm,16,17,20.945024968350566,28.888693299319993,,,,,,1.047991006775252
validation,lstm,17,17,20.65547666375781,30.45279040421506,,,,,,1.0418440045213708
validation,lstm,18,17,19.505136399896376,29.068535436449757,,,,,,1.069947142067821
validation,lstm,19,17,21.758953418582326,31.547511211960124,,,,,,1.0749221437751353
validation,lstm,20,17,22.38142988500787,32.22292377668122,,,,,,1.1039730394462026
validation,lstm,21,17,22.29358493996014,31.12662273137103,,,,,,1.0945586829727723
validation,mr_120_12,1,17,3.8052840267467607,5.556845652094124,,,,,,0.898719483949638
validation,mr_120_12,2,17,6.1835852564168805,7.634809816085317,,,,,,0.9946158516329546
validation,mr_120_12,3,17,8.10331808969803,10.836056226726564,,,,,,0.9627256099298795
validation,mr_120_12,4,17,9.955959403081575,14.540914792833034,,,,,,0.9534210784834768
validation,mr_120_12,5,17,10.893568707077236,14.364464170341531,,,,,,0.9228617532282505
validation,mr_120_12,6,17,12.6271936528157,17.188982520740854,,,,,,0.8918991694277335
validation,mr_120_12,7,17,14.421891898468619,19.733655739975813,,,,,,0.9036939265535074
validation,mr_120_12,8,17,13.700145002379763,17.795546911535244,,,,,,0.9645991511304867
validation,mr_120_12,9,17,14.586775734160168,18.28561896583954,,,,,,0.9530176305946306
validation,mr_120_12,10,17,15.143156295581882,18.92537451625886,,,,,,0.9183891299807071
validation,mr_120_12,11,17,14.6326674873176,19.271134122570658,,,,,,0.9464495958771797
validation,mr_120_12,12,17,15.387358292801867,19.641445158326608,,,,,,0.9026089195598211
validation,mr_120_12,13,17,16.084940706855093,20.727238551901507,,,,,,0.854966676098354
validation,mr_120_12,14,17,15.954584376302655,21.793190430862243,,,,,,0.8535890933033679
validation,mr_120_12,15,17,16.440255432002218,21.593333392792005,,,,,,0.9089512890075376
validation,mr_120_12,16,17,16.91013461328471,22.33012956347027,,,,,,0.8461039805328471
validation,mr_120_12,17,17,15.5558691879312,21.960769761917202,,,,,,0.7846243062984525
validation,mr_120_12,18,17,15.676899478026227,21.426477811428065,,,,,,0.8599506021956242
validation,mr_120_12,19,17,16.402519886402278,22.237611141478954,,,,,,0.8103069803232557
validation,mr_120_12,20,17,16.037909777387682,21.859880352386654,,,,,,0.7910763563487323
validation,mr_120_12,21,17,17.02992963058182,22.56591897589429,,,,,,0.8361265089383132
validation,mr_120_24,1,17,3.9458892630006424,5.510270512359557,,,,,,0.9319271668659479
validation,mr_120_24,2,17,6.133677982531093,7.643605513905115,,,,,,0.9865883783047459
validation,mr_120_24,3,17,8.227580051667921,10.962829192397761,,,,,,0.9774887195356392
validation,mr_120_24,4,17,9.893587438971156,14.802779248520975,,,,,,0.947448098594579
validation,mr_120_24,5,17,11.19956347597011,14.573037687820767,,,,,,0.9487844674913635
validation,mr_120_24,6,17,12.804128484567784,17.673960379618304,,,,,,0.904396643832692
validation,mr_120_24,7,17,14.395485784923752,20.364970768983866,,,,,,0.9020392861913152
validation,mr_120_24,8,17,12.850532337868248,18.00184333687783,,,,,,0.9047796634655633
validation,mr_120_24,9,17,14.18780179076849,18.532809299408324,,,,,,0.9269509240701934
validation,mr_120_24,10,17,14.946283047499147,19.196315556775154,,,,,,0.9064493304109219
validation,mr_120_24,11,17,14.10820934417624,19.326449659319824,,,,,,0.9125273326903172
validation,mr_120_24,12,17,15.347349809821239,19.76425394032263,,,,,,0.9002620570958941
validation,mr_120_24,13,17,16.409236731954252,21.07848900229512,,,,,,0.8722040597918339
validation,mr_120_24,14,17,15.989506443645476,22.14345477673254,,,,,,0.855457465120293
validation,mr_120_24,15,17,15.269930115169913,21.99975294699783,,,,,,0.844246168719554
validation,mr_120_24,16,17,16.086334751765676,23.037967325168772,,,,,,0.8048848916294341
validation,mr_120_24,17,17,15.049462610256015,22.429380223568455,,,,,,0.7590816056680283
validation,mr_120_24,18,17,14.742467683658544,21.855858469431134,,,,,,0.8086926869807212
validation,mr_120_24,19,17,16.33428405448935,23.076353854704557,,,,,,0.8069360366334968
validation,mr_120_24,20,17,16.134236803104407,22.382918126042103,,,,,,0.7958277256717683
validation,mr_120_24,21,17,16.73365283722935,22.91003976507562,,,,,,0.8215800670986252
validation,mr_120_6,1,17,3.8397058511546276,5.846796653629097,,,,,,0.9068491173885618
validation,mr_120_6,2,17,6.452384500613207,8.152299872283566,,,,,,1.0378516085762564
validation,mr_120_6,3,17,8.328497338317284,11.384887113625666,,,,,,0.9894783335760275
validation,mr_120_6,4,17,11.056420934136613,15.044538433788611,,,,,,1.058805519830568
validation,mr_120_6,5,17,12.382888565530694,15.354220204031044,,,,,,1.0490312733045388
validation,mr_120_6,6,17,14.581222327521633,17.887083481572517,,,,,,1.0299184791751195
validation,mr_120_6,7,17,16.623876212185255,20.342074003026983,,,,,,1.041673039466087
validation,mr_120_6,8,17,16.14406889854302,19.456010930912452,,,,,,1.1366708273979347
validation,mr_120_6,9,17,16.937159474101062,20.069049312044076,,,,,,1.1065784437345045
validation,mr_120_6,10,17,17.21735786901782,20.788579919040814,,,,,,1.0441835245738753
validation,mr_120_6,11,17,17.806746901941214,21.52493080750123,,,,,,1.1517509315260837
validation,mr_120_6,12,17,18.719156603757057,21.880432849419325,,,,,,1.0980492814736205
validation,mr_120_6,13,17,18.466305431808422,22.676023312113344,,,,,,0.9815439212729986
validation,mr_120_6,14,17,19.425419783102374,23.74402657940999,,,,,,1.039282883753707
validation,mr_120_6,15,17,19.8217315362787,23.55173404207085,,,,,,1.0959068431011378
validation,mr_120_6,16,17,19.26963978424581,23.912270364585346,,,,,,0.9641625745590382
validation,mr_120_6,17,17,19.293326484032345,23.860867743278636,,,,,,0.9731383522090846
validation,mr_120_6,18,17,19.32441415784727,23.42702439628525,,,,,,1.0600336894046776
validation,mr_120_6,19,17,19.033608949462685,23.73828306051212,,,,,,0.940286388878489
validation,mr_120_6,20,17,19.56128288988263,23.632370814053203,,,,,,0.9648681535703024
validation,mr_120_6,21,17,20.39805564787697,24.356034580959772,,,,,,1.001492984877714
validation,mr_180_12,1,17,3.5915929627640093,5.102577738900206,,,,,,0.8482506302721334
validation,mr_180_12,2,17,5.377410011619993,6.705538128687981,,,,,,0.8649443674665521
validation,mr_180_12,3,17,7.228654365801887,9.233726740125496,,,,,,0.8588100092154032
validation,mr_180_12,4,17,8.384248262339797,12.35646129261783,,,,,,0.802907956623347
validation,mr_180_12,5,17,9.47160520198603,11.421906075346179,,,,,,0.8023984075036753
validation,mr_180_12,6,17,10.585962329802225,13.618016560185364,,,,,,0.7477204570659707
validation,mr_180_12,7,17,11.85324513847593,15.814868785667349,,,,,,0.7427392825436449
validation,mr_180_12,8,17,9.898203841832666,13.072994543842716,,,,,,0.6969122605556237
validation,mr_180_12,9,17,10.78824941605275,13.191379101170662,,,,,,0.7048433515484118
validation,mr_180_12,10,17,11.333654192472416,13.86482945862568,,,,,,0.6873537200671794
validation,mr_180_12,11,17,10.194147351447628,13.432242783866869,,,,,,0.6593634858068319
validation,mr_180_12,12,17,11.270635846627684,13.52748553898204,,,,,,0.6611255974351149
validation,mr_180_12,13,17,12.453926419646939,14.757596074422548,,,,,,0.6619665107525808
validation,mr_180_12,14,17,11.886971865584934,14.91261247580989,,,,,,0.6359670234931357
validation,mr_180_12,15,17,10.714823132989395,14.487196989152947,,,,,,0.592402735985494
validation,mr_180_12,16,17,11.769318148849415,15.641425533307972,,,,,,0.5888815885638099
validation,mr_180_12,17,17,10.891951040661558,14.454482828899685,,,,,,0.5493803931024404
validation,mr_180_12,18,17,10.056380767088546,13.707565985702077,,,,,,0.5516390985786368
validation,mr_180_12,19,17,11.548649587551104,15.090967483239776,,,,,,0.5705191299208671
validation,mr_180_12,20,17,11.25814436138636,14.03970491013937,,,,,,0.5553125029553696
validation,mr_180_12,21,17,11.634145433861411,15.310758979885732,,,,,,0.5712071404350729
validation,mr_180_24,1,17,3.8973514738366113,5.274936498348547,,,,,,0.9204636712312086
validation,mr_180_24,2,17,5.7776600320711236,7.161795232572349,,,,,,0.9293236876261624
validation,mr_180_24,3,17,7.7713874021018094,10.138977298904294,,,,,,0.9232901379252968
validation,mr_180_24,4,17,9.254848870126557,13.673022719648355,,,,,,0.886280029248262
validation,mr_180_24,5,17,10.52049922600192,13.058447063087675,,,,,,0.8912567241841465
validation,mr_180_24,6,17,12.154690186133939,15.83099328420412,,,,,,0.8585247347693076
validation,mr_180_24,7,17,13.661060135433676,18.315792940566343,,,,,,0.8560192491794049
validation,mr_180_24,8,17,11.63602147418069,15.546074613374541,,,,,,0.8192684409238838
validation,mr_180_24,9,17,12.51948542099841,15.87861107590843,,,,,,0.81795254480005
validation,mr_180_24,10,17,13.300293094347902,16.54382716425101,,,,,,0.8066247461878432
validation,mr_180_24,11,17,11.951506463130011,16.257620864694022,,,,,,0.7730305135380671
validation,mr_180_24,12,17,13.5775414551685,16.551168208967752,,,,,,0.7964466538002986
validation,mr_180_24,13,17,14.854497396426696,17.923800704034292,,,,,,0.7895646303950655
validation,mr_180_24,14,17,14.354275364040742,18.480104220868846,,,,,,0.7679706725057203
validation,mr_180_24,15,17,13.158756771622325,18.223745822583034,,,,,,0.727523302711004
validation,mr_180_24,16,17,14.591306885158968,19.463735252272542,,,,,,0.7300806953370098
validation,mr_180_24,17,17,14.176960306533317,18.420721850956642,,,,,,0.715073359871429
validation,mr_180_24,18,17,12.478325995527362,17.752241387186434,,,,,,0.6844940205994166
validation,mr_180_24,19,17,14.193441396216109,19.249237189141244,,,,,,0.7011754729038528
validation,mr_180_24,20,17,14.251567860502675,18.20664514032356,,,,,,0.7029643221486884
validation,mr_180_24,21,17,14.430071177952787,18.984390969256726,,,,,,0.7084800289536386
validation,mr_180_6,1,17,3.496819522882573,5.014994677103679,,,,,,0.8258673505001911
validation,mr_180_6,2,17,5.28684363013642,6.457394100364971,,,,,,0.8503769676631577
validation,mr_180_6,3,17,7.059816967552146,8.382808676696516,,,,,,0.8387510549191868
validation,mr_180_6,4,17,7.556736012897826,10.935259629635073,,,,,,0.7236621914109005
validation,mr_180_6,5,17,7.967502046583375,9.85646783228199,,,,,,0.6749765026756236
validation,mr_180_6,6,17,8.896957455820313,11.161836116868114,,,,,,0.6284206280079164
validation,mr_180_6,7,17,10.065250689802834,13.060881579732156,,,,,,0.6307012964491272
validation,mr_180_6,8,17,8.804419320536244,10.876778577127341,,,,,,0.619901132528955
validation,mr_180_6,9,17,9.35085251454935,10.877851024241965,,,,,,0.6109319475301267
validation,mr_180_6,10,17,9.757975413543681,11.710421941581046,,,,,,0.5917933075175433
validation,mr_180_6,11,17,8.825783344075898,11.29331327531273,,,,,,0.570856891714379
validation,mr_180_6,12,17,9.048287296622634,11.222286126283244,,,,,,0.5307645838397046
validation,mr_180_6,13,17,10.078975485906211,12.277613565710947,,,,,,0.5357301793465452
validation,mr_180_6,14,17,9.816561055158662,12.039522859139318,,,,,,0.5251976016922022
validation,mr_180_6,15,17,9.390110187432256,11.55452269910889,,,,,,0.51916180950419
validation,mr_180_6,16,17,10.33763322440217,12.633473218238679,,,,,,0.5172467765918204
validation,mr_180_6,17,17,9.270008258742891,11.499557235783454,,,,,,0.46757103132752537
validation,mr_180_6,18,17,8.566349871813312,10.851885704948806,,,,,,0.4699039973567369
validation,mr_180_6,19,17,9.807293799107047,12.094800800637548,,,,,,0.4844937655027891
validation,mr_180_6,20,17,9.286940285636165,11.148256965284554,,,,,,0.45808206834706167
validation,mr_180_6,21,17,9.596005282321364,13.010694225243522,,,,,,0.4711396095291356
validation,mr_60_12,1,17,4.146900754752436,5.953928352902148,,,,,,0.9794014008167744
validation,mr_60_12,2,17,6.689016540166946,8.414673525858484,,,,,,1.0759133426325866
validation,mr_60_12,3,17,9.095436966612944,12.127378017548192,,,,,,1.0805956281530504
validation,mr_60_12,4,17,11.585496508488495,16.356679855716724,,,,,,1.1094718377890065
validation,mr_60_12,5,17,12.511015196809172,16.48729257139306,,,,,,1.0598856747184728
validation,mr_60_12,6,17,14.562471417566478,19.694926191343164,,,,,,1.028594042291134
validation,mr_60_12,7,17,16.666804990231846,22.702459314879043,,,,,,1.0443630108143804
validation,mr_60_12,8,17,15.983748492636728,21.136147467992103,,,,,,1.1253829959611696
validation,mr_60_12,9,17,16.933686210286645,21.944019685246534,,,,,,1.1063515202723788
validation,mr_60_12,10,17,17.943721335758173,23.0472253143153,,,,,,1.0882353919156968
validation,mr_60_12,11,17,17.28671699371216,23.666765934406452,,,,,,1.1181150891949423
validation,mr_60_12,12,17,18.179670713468894,24.155785939055928,,,,,,1.0664035130912364
validation,mr_60_12,13,17,19.6914573501409,25.66179603608995,,,,,,1.0466647123546737
validation,mr_60_12,14,17,19.377813348021398,26.927938819623083,,,,,,1.036735883293041
validation,mr_60_12,15,17,19.110614509948306,26.880802301249048,,,,,,1.0565904991190358
validation,mr_60_12,16,17,20.404855942777893,27.849723692294663,,,,,,1.0209634772404763
validation,mr_60_12,17,17,19.250141412010922,27.716513414437202,,,,,,0.9709601353079329
validation,mr_60_12,18,17,18.596328157787358,27.417450539476416,,,,,,1.0200947974650225
validation,mr_60_12,19,17,19.588711291782307,28.294965178921863,,,,,,0.9677092059755296
validation,mr_60_12,20,17,19.40096458033532,27.840203998334328,,,,,,0.9569603884105627
validation,mr_60_12,21,17,20.277354391879424,27.84761708003345,,,,,,0.9955668582294591
validation,mr_60_24,1,17,4.1142625982004475,5.713716517567629,,,,,,0.9716930281940486
validation,mr_60_24,2,17,6.419066355199987,8.044751593019207,,,,,,1.0324924594417615
validation,mr_60_24,3,17,8.751739603781244,11.631616028820476,,,,,,1.0397622004632128
validation,mr_60_24,4,17,10.692333598979598,15.751189692597244,,,,,,1.0239391121149908
validation,mr_60_24,5,17,11.948836757230216,15.69213855377618,,,,,,1.0122600531863941
validation,mr_60_24,6,17,13.719218439355258,18.996878872139234,,,,,,0.9690323810413801
validation,mr_60_24,7,17,15.45125491936664,21.945302118173977,,,,,,0.9681951110550422
validation,mr_60_24,8,17,13.86160365946337,19.816797668375003,,,,,,0.9759671245014592
validation,mr_60_24,9,17,15.300389977505995,20.535051376904097,,,,,,0.9996411591760259
validation,mr_60_24,10,17,16.166135683215128,21.468486260565758,,,,,,0.9804299048006035
validation,mr_60_24,11,17,15.372311941322849,21.785698184078967,,,,,,0.9942902370448138
validation,mr_60_24,12,17,16.560090978405157,22.292739315810135,,,,,,0.9714003886438966
validation,mr_60_24,13,17,18.03998539101832,23.848080295450142,,,,,,0.9588836308267248
validation,mr_60_24,14,17,17.727655581005138,25.061622050215348,,,,,,0.9484504952858768
validation,mr_60_24,15,17,16.68813422045875,25.0221972839604,,,,,,0.9226560483537098
validation,mr_60_24,16,17,17.882250077007722,26.18467702561251,,,,,,0.894744087912442
validation,mr_60_24,17,17,17.330894784440982,25.775288461931613,,,,,,0.8741550300720885
validation,mr_60_24,18,17,16.55258416968173,25.376774300993098,,,,,,0.9079859665212141
validation,mr_60_24,19,17,18.2291962644882,26.608510864812466,,,,,,0.900547298896604
validation,mr_60_24,20,17,18.11234678382706,25.902010423018965,,,,,,0.8933987968230379
validation,mr_60_24,21,17,18.465136894196412,25.98067668849086,,,,,,0.9065915587042283
validation,mr_60_6,1,17,4.398364028278533,6.587331304886761,,,,,,1.0387911708910125
validation,mr_60_6,2,17,7.3773890870593775,9.569107632633617,,,,,,1.1866365264453536
validation,mr_60_6,3,17,10.473461442053576,13.702534419536107,,,,,,1.2443136803054773
validation,mr_60_6,4,17,14.164180222764447,18.266925099498074,,,,,,1.3564165377816337
validation,mr_60_6,5,17,15.504443590120033,19.011960236746773,,,,,,1.3134775553497813
validation,mr_60_6,6,17,18.195437299617492,22.199831630850856,,,,,,1.2852020695259154
validation,mr_60_6,7,17,20.691013621697174,25.38493638426393,,,,,,1.2965249965678292
validation,mr_60_6,8,17,19.843303520607364,24.8719353113349,,,,,,1.397126360945642
validation,mr_60_6,9,17,20.957658316186066,25.89868838246092,,,,,,1.3692551551697276
validation,mr_60_6,10,17,22.412751091731682,27.249852668845715,,,,,,1.3592692681653833
validation,mr_60_6,11,17,22.120088944257866,28.255693860111553,,,,,,1.4307404483977615
validation,mr_60_6,12,17,22.8042476762527,28.736406471319125,,,,,,1.3376771350067145
validation,mr_60_6,13,17,23.760886532556377,30.107511112253135,,,,,,1.262968048817992
validation,mr_60_6,14,17,24.111514055566584,31.347851991520166,,,,,,1.2899944577329092
validation,mr_60_6,15,17,23.914864345691342,31.2656161393114,,,,,,1.3222085790189695
validation,mr_60_6,16,17,24.087045327238496,31.936361622163055,,,,,,1.205202997889847
validation,mr_60_6,17,17,23.580722366661657,32.000656349400664,,,,,,1.1893908148387378
validation,mr_60_6,18,17,23.489074018609816,31.731693448859737,,,,,,1.288484586868339
validation,mr_60_6,19,17,23.44788185958238,32.156290019740496,,,,,,1.1583575253193668
validation,mr_60_6,20,17,23.38949950339125,31.821916014843797,,,,,,1.1536964792039786
validation,mr_60_6,21,17,24.356554658965244,31.654838280418517,,,,,,1.1958452828950445
validation,naive,1,17,4.234117647058823,5.537830324764596,,,,,,1.0
validation,naive,2,17,6.2170588235294115,7.864297956775365,,,,,,1.0
validation,naive,3,17,8.417058823529414,11.419665957821854,,,,,,1.0
validation,naive,4,17,10.44235294117647,15.510343797152993,,,,,,1.0
validation,naive,5,17,11.804117647058822,15.459980404827396,,,,,,1.0
validation,naive,6,17,14.15764705882353,18.981909964025036,,,,,,1.0
validation,naive,7,17,15.958823529411761,21.977834020560216,,,,,,1.0
validation,naive,8,17,14.202941176470587,19.51821396723041,,,,,,1.0
validation,naive,9,17,15.305882352941175,20.335285184363944,,,,,,1.0
validation,naive,10,17,16.488823529411764,21.244637939406513,,,,,,1.0
validation,naive,11,17,15.46058823529412,21.410677792386952,,,,,,1.0
validation,naive,12,17,17.04764705882353,22.16961818769632,,,,,,1.0
validation,naive,13,17,18.81352941176471,23.915216790103475,,,,,,1.0
validation,naive,14,17,18.691176470588236,25.22019440611735,,,,,,1.0
validation,naive,15,17,18.087058823529414,25.456839829751985,,,,,,1.0
validation,naive,16,17,19.985882352941175,27.023260568715717,,,,,,1.0
validation,naive,17,17,19.825882352941175,26.530281256130923,,,,,,1.0
validation,naive,18,17,18.229999999999997,26.325225768541966,,,,,,1.0
validation,naive,19,17,20.24235294117647,28.17789914099346,,,,,,1.0
validation,naive,20,17,20.273529411764706,27.4356105003955,,,,,,1.0
validation,naive,21,17,20.36764705882353,27.870714231334404,,,,,,1.0
validation,naive_quantiles,1,17,4.221063515514696,5.60609639340769,1.6005684132496338,2.977271172624239,0.8823529411764706,16.048364357913073,25.523525020026188,0.9969169180848825
validation,naive_quantiles,2,17,6.438686641707214,8.180956028490012,2.364515007507591,4.42157117506371,0.8823529411764706,24.814941074747676,28.402935680284575,1.0356483386226005
validation,naive_quantiles,3,17,8.624085606538909,12.101541104350344,3.2011412900748764,5.962860430575454,0.9411764705882353,32.41282906985485,47.7232082267251,1.0245960955423958
validation,naive_quantiles,4,17,10.535796557611096,16.235825044972852,4.099249326580032,7.6043453897205895,0.8823529411764706,37.533539611540924,73.69133231258809,1.0089485211772682
validation,naive_quantiles,5,17,12.225699377934042,16.531481703155183,4.571212282123066,8.514669259639415,0.8235294117647058,44.49113825128965,68.25363055776478,1.0357148025358984
validation,naive_quantiles,6,17,14.51800216069607,20.086581742606647,5.444482426008771,10.12323283724622,0.8235294117647058,46.308830635795395,88.51350886817826,1.0254530361136496
validation,naive_quantiles,7,17,16.425359917000158,23.103025195359987,6.18177003801729,11.464946859288673,0.8235294117647058,52.15299787935807,112.16648517766963,1.0292337581607178
validation,naive_quantiles,8,17,15.00469247172042,21.01835880923905,5.749491719616377,10.682886273568656,0.8235294117647058,57.198131513130896,96.45919748098503,1.0564496666773542
validation,naive_quantiles,9,17,15.981441905057864,21.843970307198223,6.113376458550251,11.374178145819267,0.8235294117647058,58.851580327841305,96.49485017048336,1.0441372497539727
validation,naive_quantiles,10,17,17.025366730904906,22.39471564109558,6.523463377134136,12.148302573342155,0.8235294117647058,61.45502805500226,98.51113728507926,1.032539811014175
validation,naive_quantiles,11,17,16.333758140139608,22.97683915653481,6.495313335949774,12.08464464068361,0.8235294117647058,66.41159142041,102.58027904838455,1.0564771463774048
validation,naive_quantiles,12,17,18.243349699589952,23.79312680241775,6.9010925234886376,12.864987596599303,0.8235294117647058,67.75205456943516,98.83527921164435,1.0701388664746876
validation,naive_quantiles,13,17,19.39505672147162,25.468786694551113,7.437945267342154,13.862519034931273,0.8235294117647058,75.17946681643859,107.83078920752916,1.0309100592971812
validation,naive_quantiles,14,17,19.65190474094357,27.56558711438838,7.633172952534714,14.192447136877563,0.8235294117647058,79.48588590460263,124.23258917535655,1.051400096289664
validation,naive_quantiles,15,17,19.050626634340833,27.608099225205915,7.580167067430194,14.08538970767421,0.8823529411764706,84.07522145454953,126.77108817726355,1.0532738805248931
validation,naive_quantiles,16,17,20.571707701190032,29.28647793006401,8.044306758234477,14.954660995920543,0.8823529411764706,81.37053132600182,131.80873788998528,1.029311958206471
validation,naive_quantiles,17,17,20.5708064635707,29.45281469599033,7.844336503071349,14.557296872766809,0.8823529411764706,82.29856594404937,138.7769932275016,1.037573314386132
validation,naive_quantiles,18,17,19.788378594071162,29.768315085687323,7.629779284274337,14.142210919385237,0.8823529411764706,83.38601648309046,141.7478882944014,1.0854842893072498
validation,naive_quantiles,19,17,21.98907550529912,31.776041177147018,8.240241699164534,15.2695093584547,0.8823529411764706,85.01365217885359,154.77994798316524,1.086290490497748
validation,naive_quantiles,20,17,21.9185890388302,30.767510207095267,8.237290209088801,15.300210405116331,0.8823529411764706,83.08272870110038,140.2563968609557,1.0811432283769429
validation,naive_quantiles,21,17,22.127943870748,31.186132909534894,8.66090997474472,16.077569777929213,0.8235294117647058,85.57221145555252,151.2636696343027,1.0864261250619955
validation,qrnn,1,17,4.316291963982208,5.782853373897736,1.6613776211963975,3.0764354788577797,0.5882352941176471,9.074489712968415,32.072800566150455,1.0194076602903244
validation,qrnn,2,17,6.548106694336073,8.3587816359331,2.4923335984696124,4.630230507627466,0.7058823529411765,14.642175280396321,42.0813317859186,1.0532483092413023
validation,qrnn,3,17,8.884790816587785,12.392932627530232,3.367254994438537,6.235048415684527,0.6470588235294118,17.449034887466205,65.09442949947658,1.0555695288419338
validation,qrnn,4,17,10.80155933481464,16.631903324330715,4.272298988764452,7.8815439238572,0.6470588235294118,21.325638111218236,94.32966191810317,1.0343989899270443
validation,qrnn,5,17,12.512288116298274,16.98234797790181,4.8197292142405175,8.917060466666847,0.6470588235294118,24.692671447693947,96.17001615605533,1.0599935116214216
validation,qrnn,6,17,15.051763541084059,21.033021298691217,5.7894314804092755,10.687537766558782,0.6470588235294118,26.328537439734124,124.95281848753703,1.0631543136049069
validation,qrnn,7,17,16.77156644392602,23.883390913885037,6.538447967298371,12.059824662793583,0.6470588235294118,27.774417995458528,145.29059002932954,1.0509274955648449
validation,qrnn,8,17,15.266505416780703,21.69082263601181,6.0683222005725215,11.195189682940818,0.5882352941176471,30.479817564594516,133.84899925878932,1.07488337993486
validation,qrnn,9,17,16.29315429301181,22.485679931078412,6.506007944271337,12.029302429647064,0.5882352941176471,31.972215406629537,132.84506578739163,1.0645027785595726
validation,qrnn,10,17,17.23230363553808,22.983457581501188,6.980650479021663,12.88813169335277,0.5882352941176471,32.422400199026825,150.04168671535635,1.045089942578386
validation,qrnn,11,17,16.486274364342147,23.423932558712234,6.853644144738947,12.627346906515513,0.6470588235294118,36.220080900436244,157.83078739539437,1.0663419860511223
validation,qrnn,12,17,18.528713107078403,24.522559468859857,7.322158151726221,13.536579903610319,0.6470588235294118,39.33803686176511,150.2082338678011,1.0868780332643209
validation,qrnn,13,17,19.979459721787286,26.35705910998775,7.923258802752097,14.655652819263745,0.6470588235294118,41.150352604086194,159.41556238609607,1.0619729708607193
validation,qrnn,14,17,19.801913035841864,27.841921515416026,8.029052311727769,14.836651393173536,0.6470588235294118,43.42887434776776,167.41919964369166,1.0594257171024757
validation,qrnn,15,17,19.159120844799105,28.29614732194019,7.879485199765501,14.526670341499687,0.7058823529411765,42.8379720271966,177.74061522190635,1.05927232457911
validation,qrnn,16,17,21.080490250858162,30.081323919123474,8.434900813307408,15.584054653232856,0.6470588235294118,44.594406639408504,176.90275682048596,1.0547690554055473
validation,qrnn,17,17,20.950205869983016,30.086862893517317,8.091718913098795,14.963757775966323,0.7647058823529411,45.61674518080826,164.20326356855705,1.0567098854430077
validation,qrnn,18,17,20.2277208956078,30.691602518856833,7.753426669646057,14.33062849228224,0.8235294117647058,47.47019052750291,160.35287201810775,1.109584250993297
validation,qrnn,19,17,21.875489507846538,31.904517943308136,8.467272808206067,15.654636172415826,0.7058823529411765,46.51611414539625,173.27286527027894,1.0806791864273833
validation,qrnn,20,17,22.137242163933713,31.416243807473386,8.502270764845258,15.736432212199258,0.6470588235294118,48.00521999462883,167.15289640269387,1.0919283817985583
validation,qrnn,21,17,22.40851325477699,31.610461716625345,8.90661493020245,16.463397523676203,0.6470588235294118,49.685034667735955,183.66833748338192,1.1002013727977151
validation,ridge_direct,1,17,10.355215685334308,11.856308815669,,,,,,2.4456608314904593
validation,ridge_direct,2,17,12.230804210781823,13.92291584350409,,,,,,1.9672974887244867
validation,ridge_direct,3,17,14.576656138684543,17.355761085436566,,,,,,1.7317992477296607
validation,ridge_direct,4,17,18.316990572651957,22.18094814701548,,,,,,1.754105676741118
validation,ridge_direct,5,17,19.089920213009037,22.749737566097043,,,,,,1.6172255126384296
validation,ridge_direct,6,17,21.645093632289914,26.67798807366748,,,,,,1.5288623556129655
validation,ridge_direct,7,17,24.494862790849325,30.399993887212528,,,,,,1.5348789806282293
validation,ridge_direct,8,17,23.88729614981955,28.929993284805192,,,,,,1.68185559969738
validation,ridge_direct,9,17,24.787131435538473,30.322616701795745,,,,,,1.6194513236131978
validation,ridge_direct,10,17,26.736046084544608,31.761971748983804,,,,,,1.621464747733789
validation,ridge_direct,11,17,26.089117084574124,31.65847541956438,,,,,,1.6874595382481454
validation,ridge_direct,12,17,25.77050421048963,31.67312600383204,,,,,,1.511675137429087
validation,ridge_direct,13,17,27.72820047040831,33.65838216221048,,,,,,1.47384362941857
validation,ridge_direct,14,17,27.74437103821318,34.64944813560613,,,,,,1.4843565937045604
validation,ridge_direct,15,17,26.869094271993475,34.758191428105356,,,,,,1.4855424828407995
validation,ridge_direct,16,17,28.355007756234716,36.375641373689916,,,,,,1.4187518597127096
validation,ridge_direct,17,17,27.977160049749905,35.94720144173506,,,,,,1.4111432496016747
validation,ridge_direct,18,17,27.50270979247073,36.244815537413565,,,,,,1.5086511131360798
validation,ridge_direct,19,17,28.629712174079586,38.048825939916284,,,,,,1.4143470503293996
validation,ridge_direct,20,17,27.859278508872354,36.975762918389535,,,,,,1.3741701281033802
validation,ridge_direct,21,17,28.674447091278086,36.47187444521763,,,,,,1.4078428896800794
validation,rnn,1,17,4.151520741281139,5.471146349165215,,,,,,0.980492534061953
validation,rnn,2,17,6.14109411388678,7.827959443228027,,,,,,0.9877812464384073
validation,rnn,3,17,7.91329981131549,11.124535209019593,,,,,,0.9401502326672952
validation,rnn,4,17,9.674369226664203,15.436482865237604,,,,,,0.9264549169293119
validation,rnn,5,17,12.010152982365794,16.59488671273694,,,,,,1.017454530822836
validation,rnn,6,17,13.61184145306055,18.872688983345814,,,,,,0.9614480002577253
validation,rnn,7,17,15.02547779730061,21.603852435113982,,,,,,0.9415153798529687
validation,rnn,8,17,14.281889053070937,20.022186063073764,,,,,,1.0055585583027788
validation,rnn,9,17,14.701884633097897,19.926229672768542,,,,,,0.9605381966282255
validation,rnn,10,17,15.742597011372702,20.360743792981864,,,,,,0.9547434953920158
validation,rnn,11,17,15.91115463544254,21.901981931159117,,,,,,1.029142901504863
validation,rnn,12,17,17.743476077759137,22.724386985989792,,,,,,1.0408167189603719
validation,rnn,13,17,18.26490732147894,23.702078988443297,,,,,,0.9708389596508831
validation,rnn,14,17,19.008296590972616,26.588733823723274,,,,,,1.0169663006971974
validation,rnn,15,17,19.743165446586612,28.48691124279783,,,,,,1.091563069441825
validation,rnn,16,17,20.92520095268886,30.00052713823657,,,,,,1.0469991058267916
validation,rnn,17,17,19.800479380560066,28.635944303826758,,,,,,0.9987186965034451
validation,rnn,18,17,19.58211599027356,29.802916973571598,,,,,,1.0741698294170907
validation,rnn,19,17,20.758722697845318,29.2670068967317,,,,,,1.025509374239714
validation,rnn,20,17,21.426110621519108,29.64572939447683,,,,,,1.0568515321799647
validation,rnn,21,17,22.70947962418159,31.999498184366153,,,,,,1.1149780609706486
